customer_id,segment_name,segment_id,subsegment_id,lifetime_value_score,engagement_score,digital_adoption_score,product_breadth_index,tenure_group,age_group,balance_tier,channel_preference,cross_sell_flag,upsell_flag,retention_risk_flag,model_version,effective_date,load_ts
2,VALUE_BASIC,3,0,7674.05,100.0,0.0,50.0,LOYAL (7yr+),BOOMER,AFFLUENT,,N,N,N,SEG_V3.2,2026-04-10,2026-04-10 11:28:08.670237
3,ENGAGED_MAINSTREAM,0,0,17917.75,100.0,0.0,100.0,LOYAL (7yr+),BOOMER,MODERATE,,N,Y,N,SEG_V3.2,2026-04-10,2026-04-10 11:28:08.670237
4,ENGAGED_MAINSTREAM,0,0,14892.12,66.67,0.0,75.0,LOYAL (7yr+),GEN_X,AFFLUENT,,N,N,N,SEG_V3.2,2026-04-10,2026-04-10 11:28:08.670237
5,PREMIUM_WEALTH,4,0,5597.04,66.67,0.0,75.0,ESTABLISHED (3-7yr),GEN_X,AFFLUENT,,N,N,N,SEG_V3.2,2026-04-10,2026-04-10 11:28:08.670237
6,PREMIUM_WEALTH,4,0,11615.31,75.0,0.0,100.0,LOYAL (7yr+),BOOMER,AFFLUENT,,N,N,N,SEG_V3.2,2026-04-10,2026-04-10 11:28:08.670237
7,CREDIT_DEPENDENT,1,0,6730.76,100.0,0.0,50.0,LOYAL (7yr+),GEN_Z,AFFLUENT,,N,N,N,SEG_V3.2,2026-04-10,2026-04-10 11:28:08.670237
8,PREMIUM_WEALTH,4,0,3441.32,100.0,0.0,50.0,ESTABLISHED (3-7yr),BOOMER,AFFLUENT,,N,N,N,SEG_V3.2,2026-04-10,2026-04-10 11:28:08.670237
9,CREDIT_DEPENDENT,1,0,3512.07,100.0,0.0,50.0,ESTABLISHED (3-7yr),MILLENNIAL,AFFLUENT,,N,N,N,SEG_V3.2,2026-04-10,2026-04-10 11:28:08.670237
10,CREDIT_DEPENDENT,1,0,3521.68,100.0,0.0,50.0,ESTABLISHED (3-7yr),GEN_Z,HIGH_NET_WORTH,,N,N,N,SEG_V3.2,2026-04-10,2026-04-10 11:28:08.670237
11,ENGAGED_MAINSTREAM,0,0,11199.25,100.0,0.0,50.0,LOYAL (7yr+),GEN_X,AFFLUENT,,N,N,N,SEG_V3.2,2026-04-10,2026-04-10 11:28:08.670237
12,GROWING_DIGITAL,2,0,8965.54,50.0,0.0,50.0,LOYAL (7yr+),SILENT,AFFLUENT,,N,N,N,SEG_V3.2,2026-04-10,2026-04-10 11:28:08.670237
13,ENGAGED_MAINSTREAM,0,0,13020.73,100.0,0.0,75.0,LOYAL (7yr+),BOOMER,MODERATE,,N,Y,N,SEG_V3.2,2026-04-10,2026-04-10 11:28:08.670237
15,ENGAGED_MAINSTREAM,0,0,22847.89,100.0,0.0,100.0,LOYAL (7yr+),BOOMER,AFFLUENT,,N,N,N,SEG_V3.2,2026-04-10,2026-04-10 11:28:08.670237
16,VALUE_BASIC,3,0,1054.01,100.0,0.0,50.0,DEVELOPING (1-3yr),BOOMER,MODERATE,,N,Y,N,SEG_V3.2,2026-04-10,2026-04-10 11:28:08.670237
17,CREDIT_DEPENDENT,1,0,4638.64,100.0,0.0,25.0,LOYAL (7yr+),GEN_X,MODERATE,,Y,Y,N,SEG_V3.2,2026-04-10,2026-04-10 11:28:08.670237
18,PREMIUM_WEALTH,4,0,1156.57,66.67,0.0,75.0,DEVELOPING (1-3yr),MILLENNIAL,MODERATE,,N,Y,N,SEG_V3.2,2026-04-10,2026-04-10 11:28:08.670237
19,VALUE_BASIC,3,0,2761.03,100.0,0.0,25.0,LOYAL (7yr+),BOOMER,AFFLUENT,,Y,N,N,SEG_V3.2,2026-04-10,2026-04-10 11:28:08.670237
20,CREDIT_DEPENDENT,1,0,7038.82,100.0,0.0,50.0,LOYAL (7yr+),GEN_X,AFFLUENT,,N,N,N,SEG_V3.2,2026-04-10,2026-04-10 11:28:08.670237
21,PREMIUM_WEALTH,4,0,3867.12,50.0,0.0,50.0,LOYAL (7yr+),GEN_X,MODERATE,,N,Y,N,SEG_V3.2,2026-04-10,2026-04-10 11:28:08.670237
22,PREMIUM_WEALTH,4,0,2842.51,100.0,0.0,100.0,DEVELOPING (1-3yr),GEN_X,MODERATE,,N,Y,N,SEG_V3.2,2026-04-10,2026-04-10 11:28:08.670237
23,CREDIT_DEPENDENT,1,0,748.11,100.0,0.0,25.0,ESTABLISHED (3-7yr),MILLENNIAL,LOW,,Y,N,N,SEG_V3.2,2026-04-10,2026-04-10 11:28:08.670237
24,ENGAGED_MAINSTREAM,0,0,20412.2,75.0,0.0,100.0,LOYAL (7yr+),SILENT,AFFLUENT,,N,N,N,SEG_V3.2,2026-04-10,2026-04-10 11:28:08.670237
25,VALUE_BASIC,3,0,2494.56,100.0,0.0,50.0,ESTABLISHED (3-7yr),BOOMER,LOW,,N,N,N,SEG_V3.2,2026-04-10,2026-04-10 11:28:08.670237
26,VALUE_BASIC,3,0,4469.86,100.0,0.0,75.0,ESTABLISHED (3-7yr),BOOMER,MODERATE,,N,Y,N,SEG_V3.2,2026-04-10,2026-04-10 11:28:08.670237
27,ENGAGED_MAINSTREAM,0,0,14115.2,100.0,0.0,75.0,LOYAL (7yr+),GEN_X,MODERATE,,N,Y,N,SEG_V3.2,2026-04-10,2026-04-10 11:28:08.670237
29,ENGAGED_MAINSTREAM,0,0,15491.65,66.67,0.0,75.0,LOYAL (7yr+),GEN_X,AFFLUENT,,N,N,N,SEG_V3.2,2026-04-10,2026-04-10 11:28:08.670237
30,GROWING_DIGITAL,2,0,10446.95,0.0,0.0,50.0,LOYAL (7yr+),GEN_X,AFFLUENT,,N,N,Y,SEG_V3.2,2026-04-10,2026-04-10 11:28:08.670237
31,CREDIT_DEPENDENT,1,0,2535.6,100.0,0.0,25.0,LOYAL (7yr+),GEN_X,MODERATE,,Y,Y,N,SEG_V3.2,2026-04-10,2026-04-10 11:28:08.670237
32,PREMIUM_WEALTH,4,0,2483.98,100.0,0.0,75.0,ESTABLISHED (3-7yr),MILLENNIAL,MODERATE,,N,Y,N,SEG_V3.2,2026-04-10,2026-04-10 11:28:08.670237
33,CREDIT_DEPENDENT,1,0,384.32,100.0,0.0,25.0,ESTABLISHED (3-7yr),GEN_Z,LOW,,Y,N,N,SEG_V3.2,2026-04-10,2026-04-10 11:28:08.670237
34,PREMIUM_WEALTH,4,0,5900.45,100.0,0.0,100.0,ESTABLISHED (3-7yr),GEN_X,MODERATE,,N,Y,N,SEG_V3.2,2026-04-10,2026-04-10 11:28:08.670237
37,VALUE_BASIC,3,0,5620.27,100.0,0.0,50.0,LOYAL (7yr+),BOOMER,AFFLUENT,,N,N,N,SEG_V3.2,2026-04-10,2026-04-10 11:28:08.670237
38,PREMIUM_WEALTH,4,0,2076.63,100.0,0.0,75.0,DEVELOPING (1-3yr),BOOMER,AFFLUENT,,N,N,N,SEG_V3.2,2026-04-10,2026-04-10 11:28:08.670237
40,PREMIUM_WEALTH,4,0,457.18,100.0,0.0,75.0,NEW (<1yr),BOOMER,AFFLUENT,,N,N,N,SEG_V3.2,2026-04-10,2026-04-10 11:28:08.670237
41,CREDIT_DEPENDENT,1,0,4337.02,100.0,0.0,25.0,LOYAL (7yr+),MILLENNIAL,AFFLUENT,,Y,N,N,SEG_V3.2,2026-04-10,2026-04-10 11:28:08.670237
43,VALUE_BASIC,3,0,2080.99,100.0,0.0,50.0,ESTABLISHED (3-7yr),BOOMER,MODERATE,,N,Y,N,SEG_V3.2,2026-04-10,2026-04-10 11:28:08.670237
44,PREMIUM_WEALTH,4,0,2849.97,66.67,0.0,75.0,ESTABLISHED (3-7yr),GEN_X,MODERATE,,N,Y,N,SEG_V3.2,2026-04-10,2026-04-10 11:28:08.670237
45,CREDIT_DEPENDENT,1,0,3995.17,100.0,0.0,25.0,LOYAL (7yr+),GEN_Z,MODERATE,,Y,Y,N,SEG_V3.2,2026-04-10,2026-04-10 11:28:08.670237
47,PREMIUM_WEALTH,4,0,11952.61,75.0,0.0,100.0,LOYAL (7yr+),GEN_X,AFFLUENT,,N,N,N,SEG_V3.2,2026-04-10,2026-04-10 11:28:08.670237
48,VALUE_BASIC,3,0,9495.39,100.0,0.0,75.0,LOYAL (7yr+),SILENT,MODERATE,,N,Y,N,SEG_V3.2,2026-04-10,2026-04-10 11:28:08.670237
49,VALUE_BASIC,3,0,6120.74,100.0,0.0,50.0,LOYAL (7yr+),BOOMER,AFFLUENT,,N,N,N,SEG_V3.2,2026-04-10,2026-04-10 11:28:08.670237
50,GROWING_DIGITAL,2,0,12505.69,66.67,0.0,75.0,LOYAL (7yr+),BOOMER,AFFLUENT,,N,N,N,SEG_V3.2,2026-04-10,2026-04-10 11:28:08.670237
51,VALUE_BASIC,3,0,2811.5,100.0,0.0,25.0,LOYAL (7yr+),BOOMER,LOW,,Y,N,N,SEG_V3.2,2026-04-10,2026-04-10 11:28:08.670237
52,GROWING_DIGITAL,2,0,4666.32,50.0,0.0,50.0,LOYAL (7yr+),MILLENNIAL,AFFLUENT,,N,N,N,SEG_V3.2,2026-04-10,2026-04-10 11:28:08.670237
53,ENGAGED_MAINSTREAM,0,0,21216.62,75.0,0.0,100.0,LOYAL (7yr+),GEN_X,AFFLUENT,,N,N,N,SEG_V3.2,2026-04-10,2026-04-10 11:28:08.670237
55,ENGAGED_MAINSTREAM,0,0,14777.57,66.67,0.0,75.0,LOYAL (7yr+),GEN_X,MODERATE,,N,Y,N,SEG_V3.2,2026-04-10,2026-04-10 11:28:08.670237
56,CREDIT_DEPENDENT,1,0,9229.59,100.0,0.0,75.0,LOYAL (7yr+),GEN_Z,AFFLUENT,,N,N,N,SEG_V3.2,2026-04-10,2026-04-10 11:28:08.670237
57,VALUE_BASIC,3,0,7173.37,100.0,0.0,50.0,LOYAL (7yr+),GEN_X,MODERATE,,N,Y,N,SEG_V3.2,2026-04-10,2026-04-10 11:28:08.670237
58,CREDIT_DEPENDENT,1,0,3772.33,100.0,0.0,25.0,LOYAL (7yr+),MILLENNIAL,MODERATE,,Y,Y,N,SEG_V3.2,2026-04-10,2026-04-10 11:28:08.670237
59,VALUE_BASIC,3,0,8832.18,100.0,0.0,50.0,LOYAL (7yr+),BOOMER,AFFLUENT,,N,N,N,SEG_V3.2,2026-04-10,2026-04-10 11:28:08.670237
60,VALUE_BASIC,3,0,9885.93,100.0,0.0,50.0,LOYAL (7yr+),BOOMER,AFFLUENT,,N,N,N,SEG_V3.2,2026-04-10,2026-04-10 11:28:08.670237
62,PREMIUM_WEALTH,4,0,525.02,100.0,0.0,50.0,NEW (<1yr),BOOMER,MODERATE,,N,N,N,SEG_V3.2,2026-04-10,2026-04-10 11:28:08.670237
63,PREMIUM_WEALTH,4,0,12686.96,100.0,0.0,100.0,LOYAL (7yr+),GEN_X,AFFLUENT,,N,N,N,SEG_V3.2,2026-04-10,2026-04-10 11:28:08.670237
64,PREMIUM_WEALTH,4,0,4332.39,75.0,0.0,100.0,ESTABLISHED (3-7yr),SILENT,AFFLUENT,,N,N,N,SEG_V3.2,2026-04-10,2026-04-10 11:28:08.670237
65,ENGAGED_MAINSTREAM,0,0,24600.41,75.0,0.0,100.0,LOYAL (7yr+),GEN_X,AFFLUENT,,N,N,N,SEG_V3.2,2026-04-10,2026-04-10 11:28:08.670237
66,CREDIT_DEPENDENT,1,0,1128.91,100.0,0.0,25.0,ESTABLISHED (3-7yr),MILLENNIAL,MODERATE,,Y,Y,N,SEG_V3.2,2026-04-10,2026-04-10 11:28:08.670237
67,PREMIUM_WEALTH,4,0,5030.84,100.0,0.0,75.0,ESTABLISHED (3-7yr),SILENT,HIGH_NET_WORTH,,N,N,N,SEG_V3.2,2026-04-10,2026-04-10 11:28:08.670237
69,GROWING_DIGITAL,2,0,6475.3,50.0,0.0,50.0,LOYAL (7yr+),GEN_Z,MODERATE,,N,Y,N,SEG_V3.2,2026-04-10,2026-04-10 11:28:08.670237
70,ENGAGED_MAINSTREAM,0,0,10842.74,66.67,0.0,75.0,LOYAL (7yr+),GEN_X,AFFLUENT,,N,N,N,SEG_V3.2,2026-04-10,2026-04-10 11:28:08.670237
71,ENGAGED_MAINSTREAM,0,0,16639.49,100.0,0.0,75.0,LOYAL (7yr+),BOOMER,AFFLUENT,,N,N,N,SEG_V3.2,2026-04-10,2026-04-10 11:28:08.670237
72,GROWING_DIGITAL,2,0,6065.07,50.0,0.0,50.0,LOYAL (7yr+),MILLENNIAL,HIGH_NET_WORTH,,N,N,N,SEG_V3.2,2026-04-10,2026-04-10 11:28:08.670237
73,GROWING_DIGITAL,2,0,2782.16,50.0,0.0,50.0,ESTABLISHED (3-7yr),GEN_X,MODERATE,,N,Y,N,SEG_V3.2,2026-04-10,2026-04-10 11:28:08.670237
74,PREMIUM_WEALTH,4,0,1284.61,66.67,0.0,75.0,DEVELOPING (1-3yr),MILLENNIAL,HIGH_NET_WORTH,,N,N,N,SEG_V3.2,2026-04-10,2026-04-10 11:28:08.670237
75,PREMIUM_WEALTH,4,0,215.4,50.0,0.0,50.0,NEW (<1yr),BOOMER,HIGH_NET_WORTH,,N,N,N,SEG_V3.2,2026-04-10,2026-04-10 11:28:08.670237
76,CREDIT_DEPENDENT,1,0,2416.84,100.0,0.0,25.0,LOYAL (7yr+),GEN_X,AFFLUENT,,Y,N,N,SEG_V3.2,2026-04-10,2026-04-10 11:28:08.670237
77,CREDIT_DEPENDENT,1,0,11757.98,100.0,0.0,50.0,LOYAL (7yr+),MILLENNIAL,AFFLUENT,,N,N,N,SEG_V3.2,2026-04-10,2026-04-10 11:28:08.670237
78,PREMIUM_WEALTH,4,0,12335.92,100.0,0.0,100.0,LOYAL (7yr+),MILLENNIAL,AFFLUENT,,N,N,N,SEG_V3.2,2026-04-10,2026-04-10 11:28:08.670237
79,CREDIT_DEPENDENT,1,0,6075.89,100.0,0.0,25.0,LOYAL (7yr+),GEN_X,AFFLUENT,,Y,N,N,SEG_V3.2,2026-04-10,2026-04-10 11:28:08.670237
80,PREMIUM_WEALTH,4,0,2453.62,66.67,0.0,75.0,DEVELOPING (1-3yr),BOOMER,HIGH_NET_WORTH,,N,N,N,SEG_V3.2,2026-04-10,2026-04-10 11:28:08.670237
82,ENGAGED_MAINSTREAM,0,0,15524.86,100.0,0.0,75.0,LOYAL (7yr+),GEN_X,AFFLUENT,,N,N,N,SEG_V3.2,2026-04-10,2026-04-10 11:28:08.670237
83,PREMIUM_WEALTH,4,0,2409.83,100.0,0.0,75.0,DEVELOPING (1-3yr),MILLENNIAL,HIGH_NET_WORTH,,N,N,N,SEG_V3.2,2026-04-10,2026-04-10 11:28:08.670237
84,PREMIUM_WEALTH,4,0,961.17,66.67,0.0,75.0,DEVELOPING (1-3yr),BOOMER,MODERATE,,N,Y,N,SEG_V3.2,2026-04-10,2026-04-10 11:28:08.670237
85,VALUE_BASIC,3,0,3895.97,100.0,0.0,50.0,LOYAL (7yr+),BOOMER,MODERATE,,N,Y,N,SEG_V3.2,2026-04-10,2026-04-10 11:28:08.670237
86,CREDIT_DEPENDENT,1,0,12254.46,100.0,0.0,50.0,LOYAL (7yr+),BOOMER,AFFLUENT,,N,N,N,SEG_V3.2,2026-04-10,2026-04-10 11:28:08.670237
87,CREDIT_DEPENDENT,1,0,6751.69,100.0,0.0,50.0,LOYAL (7yr+),GEN_Z,MODERATE,,N,Y,N,SEG_V3.2,2026-04-10,2026-04-10 11:28:08.670237
88,PREMIUM_WEALTH,4,0,2019.45,66.67,0.0,75.0,DEVELOPING (1-3yr),MILLENNIAL,AFFLUENT,,N,N,N,SEG_V3.2,2026-04-10,2026-04-10 11:28:08.670237
89,GROWING_DIGITAL,2,0,5136.12,0.0,0.0,25.0,LOYAL (7yr+),BOOMER,AFFLUENT,,N,N,Y,SEG_V3.2,2026-04-10,2026-04-10 11:28:08.670237
90,ENGAGED_MAINSTREAM,0,0,25542.65,75.0,0.0,100.0,LOYAL (7yr+),BOOMER,HIGH_NET_WORTH,,N,N,N,SEG_V3.2,2026-04-10,2026-04-10 11:28:08.670237
92,ENGAGED_MAINSTREAM,0,0,10567.31,100.0,0.0,50.0,LOYAL (7yr+),BOOMER,AFFLUENT,,N,N,N,SEG_V3.2,2026-04-10,2026-04-10 11:28:08.670237
94,CREDIT_DEPENDENT,1,0,3382.17,100.0,0.0,25.0,LOYAL (7yr+),GEN_X,LOW,,Y,N,N,SEG_V3.2,2026-04-10,2026-04-10 11:28:08.670237
95,VALUE_BASIC,3,0,981.41,100.0,0.0,25.0,ESTABLISHED (3-7yr),SILENT,LOW,,Y,N,N,SEG_V3.2,2026-04-10,2026-04-10 11:28:08.670237
96,ENGAGED_MAINSTREAM,0,0,20873.55,100.0,0.0,75.0,LOYAL (7yr+),MILLENNIAL,HIGH_NET_WORTH,,N,N,N,SEG_V3.2,2026-04-10,2026-04-10 11:28:08.670237
99,CREDIT_DEPENDENT,1,0,4151.31,100.0,0.0,25.0,LOYAL (7yr+),BOOMER,AFFLUENT,,Y,N,N,SEG_V3.2,2026-04-10,2026-04-10 11:28:08.670237
100,CREDIT_DEPENDENT,1,0,3540.44,100.0,0.0,25.0,LOYAL (7yr+),MILLENNIAL,MODERATE,,Y,Y,N,SEG_V3.2,2026-04-10,2026-04-10 11:28:08.670237
102,ENGAGED_MAINSTREAM,0,0,14063.0,100.0,0.0,75.0,LOYAL (7yr+),MILLENNIAL,AFFLUENT,,N,N,N,SEG_V3.2,2026-04-10,2026-04-10 11:28:08.670237
103,ENGAGED_MAINSTREAM,0,0,18644.46,100.0,0.0,100.0,LOYAL (7yr+),BOOMER,AFFLUENT,,N,N,N,SEG_V3.2,2026-04-10,2026-04-10 11:28:08.670237
104,CREDIT_DEPENDENT,1,0,1588.64,100.0,0.0,50.0,DEVELOPING (1-3yr),GEN_Z,AFFLUENT,,N,N,N,SEG_V3.2,2026-04-10,2026-04-10 11:28:08.670237
106,VALUE_BASIC,3,0,4377.64,100.0,0.0,50.0,LOYAL (7yr+),BOOMER,LOW,,N,N,N,SEG_V3.2,2026-04-10,2026-04-10 11:28:08.670237
107,VALUE_BASIC,3,0,3414.63,100.0,0.0,50.0,ESTABLISHED (3-7yr),BOOMER,MODERATE,,N,Y,N,SEG_V3.2,2026-04-10,2026-04-10 11:28:08.670237
108,VALUE_BASIC,3,0,2529.29,100.0,0.0,25.0,LOYAL (7yr+),BOOMER,MODERATE,,Y,Y,N,SEG_V3.2,2026-04-10,2026-04-10 11:28:08.670237
109,GROWING_DIGITAL,2,0,6297.58,50.0,0.0,50.0,LOYAL (7yr+),GEN_X,LOW,,N,N,N,SEG_V3.2,2026-04-10,2026-04-10 11:28:08.670237
110,ENGAGED_MAINSTREAM,0,0,15767.06,100.0,0.0,75.0,LOYAL (7yr+),BOOMER,AFFLUENT,,N,N,N,SEG_V3.2,2026-04-10,2026-04-10 11:28:08.670237
111,GROWING_DIGITAL,2,0,10709.2,50.0,0.0,50.0,LOYAL (7yr+),MILLENNIAL,AFFLUENT,,N,N,N,SEG_V3.2,2026-04-10,2026-04-10 11:28:08.670237
112,VALUE_BASIC,3,0,1847.31,100.0,0.0,25.0,LOYAL (7yr+),BOOMER,LOW,,Y,N,N,SEG_V3.2,2026-04-10,2026-04-10 11:28:08.670237
115,ENGAGED_MAINSTREAM,0,0,19786.38,75.0,0.0,100.0,LOYAL (7yr+),GEN_X,HIGH_NET_WORTH,,N,N,N,SEG_V3.2,2026-04-10,2026-04-10 11:28:08.670237
116,GROWING_DIGITAL,2,0,6752.55,50.0,0.0,50.0,LOYAL (7yr+),GEN_X,MODERATE,,N,Y,N,SEG_V3.2,2026-04-10,2026-04-10 11:28:08.670237
118,GROWING_DIGITAL,2,0,2848.22,50.0,0.0,50.0,ESTABLISHED (3-7yr),MILLENNIAL,MODERATE,,N,Y,N,SEG_V3.2,2026-04-10,2026-04-10 11:28:08.670237
119,GROWING_DIGITAL,2,0,1231.03,66.67,0.0,75.0,DEVELOPING (1-3yr),MILLENNIAL,AFFLUENT,,N,N,N,SEG_V3.2,2026-04-10,2026-04-10 11:28:08.670237
120,PREMIUM_WEALTH,4,0,1477.89,100.0,0.0,50.0,DEVELOPING (1-3yr),MILLENNIAL,MODERATE,,N,Y,N,SEG_V3.2,2026-04-10,2026-04-10 11:28:08.670237
121,CREDIT_DEPENDENT,1,0,3909.29,100.0,0.0,50.0,LOYAL (7yr+),GEN_X,MODERATE,,N,Y,N,SEG_V3.2,2026-04-10,2026-04-10 11:28:08.670237
123,VALUE_BASIC,3,0,1751.01,100.0,0.0,50.0,ESTABLISHED (3-7yr),BOOMER,MODERATE,,N,Y,N,SEG_V3.2,2026-04-10,2026-04-10 11:28:08.670237
124,PREMIUM_WEALTH,4,0,8402.49,100.0,0.0,75.0,LOYAL (7yr+),GEN_X,AFFLUENT,,N,N,N,SEG_V3.2,2026-04-10,2026-04-10 11:28:08.670237
125,VALUE_BASIC,3,0,6350.39,100.0,0.0,50.0,LOYAL (7yr+),BOOMER,MODERATE,,N,Y,N,SEG_V3.2,2026-04-10,2026-04-10 11:28:08.670237
126,PREMIUM_WEALTH,4,0,8100.01,75.0,0.0,100.0,ESTABLISHED (3-7yr),GEN_X,HIGH_NET_WORTH,,N,N,N,SEG_V3.2,2026-04-10,2026-04-10 11:28:08.670237
127,GROWING_DIGITAL,2,0,3791.98,50.0,0.0,50.0,ESTABLISHED (3-7yr),GEN_Z,AFFLUENT,,N,N,N,SEG_V3.2,2026-04-10,2026-04-10 11:28:08.670237
128,VALUE_BASIC,3,0,5689.24,66.67,0.0,75.0,LOYAL (7yr+),BOOMER,MODERATE,,N,Y,N,SEG_V3.2,2026-04-10,2026-04-10 11:28:08.670237
129,ENGAGED_MAINSTREAM,0,0,9461.82,66.67,0.0,75.0,LOYAL (7yr+),GEN_X,AFFLUENT,,N,N,N,SEG_V3.2,2026-04-10,2026-04-10 11:28:08.670237
130,GROWING_DIGITAL,2,0,5353.69,50.0,0.0,50.0,LOYAL (7yr+),BOOMER,HIGH_NET_WORTH,,N,N,N,SEG_V3.2,2026-04-10,2026-04-10 11:28:08.670237
131,ENGAGED_MAINSTREAM,0,0,11425.24,100.0,0.0,75.0,LOYAL (7yr+),GEN_X,MODERATE,,N,Y,N,SEG_V3.2,2026-04-10,2026-04-10 11:28:08.670237
133,GROWING_DIGITAL,2,0,8378.83,66.67,0.0,75.0,LOYAL (7yr+),GEN_Z,AFFLUENT,,N,N,N,SEG_V3.2,2026-04-10,2026-04-10 11:28:08.670237
134,PREMIUM_WEALTH,4,0,9567.33,100.0,0.0,100.0,LOYAL (7yr+),GEN_X,AFFLUENT,,N,N,N,SEG_V3.2,2026-04-10,2026-04-10 11:28:08.670237
135,PREMIUM_WEALTH,4,0,4780.79,100.0,0.0,100.0,ESTABLISHED (3-7yr),BOOMER,AFFLUENT,,N,N,N,SEG_V3.2,2026-04-10,2026-04-10 11:28:08.670237
136,ENGAGED_MAINSTREAM,0,0,19487.67,75.0,0.0,100.0,LOYAL (7yr+),MILLENNIAL,HIGH_NET_WORTH,,N,N,N,SEG_V3.2,2026-04-10,2026-04-10 11:28:08.670237
137,PREMIUM_WEALTH,4,0,6426.21,100.0,0.0,100.0,ESTABLISHED (3-7yr),BOOMER,AFFLUENT,,N,N,N,SEG_V3.2,2026-04-10,2026-04-10 11:28:08.670237
138,CREDIT_DEPENDENT,1,0,4235.76,100.0,0.0,50.0,ESTABLISHED (3-7yr),GEN_Z,HIGH_NET_WORTH,,N,N,N,SEG_V3.2,2026-04-10,2026-04-10 11:28:08.670237
139,ENGAGED_MAINSTREAM,0,0,19988.85,75.0,0.0,100.0,LOYAL (7yr+),MILLENNIAL,AFFLUENT,,N,N,N,SEG_V3.2,2026-04-10,2026-04-10 11:28:08.670237
140,CREDIT_DEPENDENT,1,0,6221.29,100.0,0.0,25.0,LOYAL (7yr+),GEN_X,AFFLUENT,,Y,N,N,SEG_V3.2,2026-04-10,2026-04-10 11:28:08.670237
141,VALUE_BASIC,3,0,13881.66,100.0,0.0,75.0,LOYAL (7yr+),SILENT,AFFLUENT,,N,N,N,SEG_V3.2,2026-04-10,2026-04-10 11:28:08.670237
144,GROWING_DIGITAL,2,0,1944.32,0.0,0.0,25.0,LOYAL (7yr+),GEN_X,LOW,,N,N,Y,SEG_V3.2,2026-04-10,2026-04-10 11:28:08.670237
145,ENGAGED_MAINSTREAM,0,0,20586.0,100.0,0.0,100.0,LOYAL (7yr+),SILENT,AFFLUENT,,N,N,N,SEG_V3.2,2026-04-10,2026-04-10 11:28:08.670237
146,VALUE_BASIC,3,0,3046.26,100.0,0.0,50.0,ESTABLISHED (3-7yr),BOOMER,MODERATE,,N,Y,N,SEG_V3.2,2026-04-10,2026-04-10 11:28:08.670237
147,GROWING_DIGITAL,2,0,6321.59,50.0,0.0,50.0,LOYAL (7yr+),GEN_Z,AFFLUENT,,N,N,N,SEG_V3.2,2026-04-10,2026-04-10 11:28:08.670237
151,VALUE_BASIC,3,0,5547.48,100.0,0.0,50.0,LOYAL (7yr+),BOOMER,AFFLUENT,,N,N,N,SEG_V3.2,2026-04-10,2026-04-10 11:28:08.670237
152,CREDIT_DEPENDENT,1,0,8237.12,100.0,0.0,50.0,LOYAL (7yr+),MILLENNIAL,AFFLUENT,,N,N,N,SEG_V3.2,2026-04-10,2026-04-10 11:28:08.670237
154,ENGAGED_MAINSTREAM,0,0,14832.17,100.0,0.0,75.0,LOYAL (7yr+),MILLENNIAL,AFFLUENT,,N,N,N,SEG_V3.2,2026-04-10,2026-04-10 11:28:08.670237
155,CREDIT_DEPENDENT,1,0,5655.69,100.0,0.0,50.0,LOYAL (7yr+),GEN_X,MODERATE,,N,Y,N,SEG_V3.2,2026-04-10,2026-04-10 11:28:08.670237
156,VALUE_BASIC,3,0,4997.24,100.0,0.0,50.0,LOYAL (7yr+),BOOMER,MODERATE,,N,Y,N,SEG_V3.2,2026-04-10,2026-04-10 11:28:08.670237
157,GROWING_DIGITAL,2,0,3243.54,0.0,0.0,25.0,LOYAL (7yr+),MILLENNIAL,MODERATE,,N,Y,Y,SEG_V3.2,2026-04-10,2026-04-10 11:28:08.670237
158,VALUE_BASIC,3,0,2733.66,100.0,0.0,25.0,LOYAL (7yr+),GEN_X,MODERATE,,Y,Y,N,SEG_V3.2,2026-04-10,2026-04-10 11:28:08.670237
160,PREMIUM_WEALTH,4,0,4586.91,100.0,0.0,50.0,ESTABLISHED (3-7yr),BOOMER,HIGH_NET_WORTH,,N,N,N,SEG_V3.2,2026-04-10,2026-04-10 11:28:08.670237
162,VALUE_BASIC,3,0,3320.3,100.0,0.0,25.0,LOYAL (7yr+),BOOMER,MODERATE,,Y,Y,N,SEG_V3.2,2026-04-10,2026-04-10 11:28:08.670237
163,VALUE_BASIC,3,0,386.84,100.0,0.0,50.0,NEW (<1yr),GEN_X,MODERATE,,N,N,N,SEG_V3.2,2026-04-10,2026-04-10 11:28:08.670237
167,PREMIUM_WEALTH,4,0,8769.34,66.67,0.0,75.0,LOYAL (7yr+),MILLENNIAL,AFFLUENT,,N,N,N,SEG_V3.2,2026-04-10,2026-04-10 11:28:08.670237
171,GROWING_DIGITAL,2,0,18072.42,33.33,0.0,75.0,LOYAL (7yr+),GEN_Z,AFFLUENT,,N,N,Y,SEG_V3.2,2026-04-10,2026-04-10 11:28:08.670237
172,CREDIT_DEPENDENT,1,0,11312.42,100.0,0.0,75.0,LOYAL (7yr+),GEN_Z,AFFLUENT,,N,N,N,SEG_V3.2,2026-04-10,2026-04-10 11:28:08.670237
174,VALUE_BASIC,3,0,881.85,100.0,0.0,50.0,DEVELOPING (1-3yr),BOOMER,MODERATE,,N,Y,N,SEG_V3.2,2026-04-10,2026-04-10 11:28:08.670237
175,VALUE_BASIC,3,0,6070.8,100.0,0.0,50.0,LOYAL (7yr+),BOOMER,MODERATE,,N,Y,N,SEG_V3.2,2026-04-10,2026-04-10 11:28:08.670237
176,CREDIT_DEPENDENT,1,0,9662.94,100.0,0.0,50.0,LOYAL (7yr+),GEN_X,AFFLUENT,,N,N,N,SEG_V3.2,2026-04-10,2026-04-10 11:28:08.670237
177,ENGAGED_MAINSTREAM,0,0,12305.92,25.0,0.0,100.0,LOYAL (7yr+),BOOMER,MODERATE,,N,Y,Y,SEG_V3.2,2026-04-10,2026-04-10 11:28:08.670237
178,CREDIT_DEPENDENT,1,0,835.0,100.0,0.0,50.0,DEVELOPING (1-3yr),MILLENNIAL,MODERATE,,N,Y,N,SEG_V3.2,2026-04-10,2026-04-10 11:28:08.670237
179,VALUE_BASIC,3,0,4248.54,100.0,0.0,50.0,LOYAL (7yr+),SILENT,LOW,,N,N,N,SEG_V3.2,2026-04-10,2026-04-10 11:28:08.670237
180,ENGAGED_MAINSTREAM,0,0,13828.13,100.0,0.0,50.0,LOYAL (7yr+),GEN_X,HIGH_NET_WORTH,,N,N,N,SEG_V3.2,2026-04-10,2026-04-10 11:28:08.670237
181,ENGAGED_MAINSTREAM,0,0,14635.07,100.0,0.0,75.0,LOYAL (7yr+),SILENT,AFFLUENT,,N,N,N,SEG_V3.2,2026-04-10,2026-04-10 11:28:08.670237
182,GROWING_DIGITAL,2,0,1853.12,50.0,0.0,50.0,DEVELOPING (1-3yr),MILLENNIAL,AFFLUENT,,N,N,N,SEG_V3.2,2026-04-10,2026-04-10 11:28:08.670237
183,ENGAGED_MAINSTREAM,0,0,12519.67,100.0,0.0,50.0,LOYAL (7yr+),GEN_X,AFFLUENT,,N,N,N,SEG_V3.2,2026-04-10,2026-04-10 11:28:08.670237
184,ENGAGED_MAINSTREAM,0,0,21686.23,75.0,0.0,100.0,LOYAL (7yr+),BOOMER,AFFLUENT,,N,N,N,SEG_V3.2,2026-04-10,2026-04-10 11:28:08.670237
185,PREMIUM_WEALTH,4,0,3481.89,66.67,0.0,75.0,ESTABLISHED (3-7yr),GEN_X,AFFLUENT,,N,N,N,SEG_V3.2,2026-04-10,2026-04-10 11:28:08.670237
186,ENGAGED_MAINSTREAM,0,0,11878.94,100.0,0.0,75.0,LOYAL (7yr+),GEN_X,MODERATE,,N,Y,N,SEG_V3.2,2026-04-10,2026-04-10 11:28:08.670237
187,PREMIUM_WEALTH,4,0,10804.07,100.0,0.0,100.0,LOYAL (7yr+),MILLENNIAL,AFFLUENT,,N,N,N,SEG_V3.2,2026-04-10,2026-04-10 11:28:08.670237
188,GROWING_DIGITAL,2,0,3728.53,0.0,0.0,25.0,LOYAL (7yr+),GEN_X,AFFLUENT,,N,N,Y,SEG_V3.2,2026-04-10,2026-04-10 11:28:08.670237
189,GROWING_DIGITAL,2,0,5688.74,50.0,0.0,50.0,LOYAL (7yr+),MILLENNIAL,AFFLUENT,,N,N,N,SEG_V3.2,2026-04-10,2026-04-10 11:28:08.670237
190,ENGAGED_MAINSTREAM,0,0,14608.78,66.67,0.0,75.0,LOYAL (7yr+),MILLENNIAL,AFFLUENT,,N,N,N,SEG_V3.2,2026-04-10,2026-04-10 11:28:08.670237
191,GROWING_DIGITAL,2,0,13769.46,50.0,0.0,50.0,LOYAL (7yr+),BOOMER,HIGH_NET_WORTH,,N,N,N,SEG_V3.2,2026-04-10,2026-04-10 11:28:08.670237
192,ENGAGED_MAINSTREAM,0,0,10666.09,100.0,0.0,50.0,LOYAL (7yr+),BOOMER,AFFLUENT,,N,N,N,SEG_V3.2,2026-04-10,2026-04-10 11:28:08.670237
193,ENGAGED_MAINSTREAM,0,0,11548.59,100.0,0.0,50.0,LOYAL (7yr+),BOOMER,AFFLUENT,,N,N,N,SEG_V3.2,2026-04-10,2026-04-10 11:28:08.670237
194,ENGAGED_MAINSTREAM,0,0,24733.91,75.0,0.0,100.0,LOYAL (7yr+),GEN_X,AFFLUENT,,N,N,N,SEG_V3.2,2026-04-10,2026-04-10 11:28:08.670237
195,VALUE_BASIC,3,0,888.27,100.0,0.0,50.0,DEVELOPING (1-3yr),SILENT,MODERATE,,N,Y,N,SEG_V3.2,2026-04-10,2026-04-10 11:28:08.670237
197,GROWING_DIGITAL,2,0,11576.01,33.33,0.0,75.0,LOYAL (7yr+),MILLENNIAL,MODERATE,,N,Y,Y,SEG_V3.2,2026-04-10,2026-04-10 11:28:08.670237
199,CREDIT_DEPENDENT,1,0,730.25,100.0,0.0,50.0,DEVELOPING (1-3yr),MILLENNIAL,AFFLUENT,,N,N,N,SEG_V3.2,2026-04-10,2026-04-10 11:28:08.670237
200,PREMIUM_WEALTH,4,0,2271.1,100.0,0.0,100.0,DEVELOPING (1-3yr),SILENT,AFFLUENT,,N,N,N,SEG_V3.2,2026-04-10,2026-04-10 11:28:08.670237
201,CREDIT_DEPENDENT,1,0,3492.76,100.0,0.0,25.0,LOYAL (7yr+),GEN_X,AFFLUENT,,Y,N,N,SEG_V3.2,2026-04-10,2026-04-10 11:28:08.670237
202,VALUE_BASIC,3,0,8935.12,100.0,0.0,75.0,LOYAL (7yr+),SILENT,MODERATE,,N,Y,N,SEG_V3.2,2026-04-10,2026-04-10 11:28:08.670237
203,PREMIUM_WEALTH,4,0,2970.84,66.67,0.0,75.0,ESTABLISHED (3-7yr),GEN_X,AFFLUENT,,N,N,N,SEG_V3.2,2026-04-10,2026-04-10 11:28:08.670237
204,VALUE_BASIC,3,0,1391.83,100.0,0.0,50.0,ESTABLISHED (3-7yr),BOOMER,LOW,,N,N,N,SEG_V3.2,2026-04-10,2026-04-10 11:28:08.670237
205,PREMIUM_WEALTH,4,0,1388.98,50.0,0.0,50.0,DEVELOPING (1-3yr),GEN_X,MODERATE,,N,Y,N,SEG_V3.2,2026-04-10,2026-04-10 11:28:08.670237
206,ENGAGED_MAINSTREAM,0,0,10612.88,100.0,0.0,75.0,LOYAL (7yr+),MILLENNIAL,AFFLUENT,,N,N,N,SEG_V3.2,2026-04-10,2026-04-10 11:28:08.670237
207,GROWING_DIGITAL,2,0,152.4,50.0,0.0,50.0,NEW (<1yr),BOOMER,AFFLUENT,,N,N,N,SEG_V3.2,2026-04-10,2026-04-10 11:28:08.670237
209,PREMIUM_WEALTH,4,0,13604.87,100.0,0.0,100.0,LOYAL (7yr+),MILLENNIAL,HIGH_NET_WORTH,,N,N,N,SEG_V3.2,2026-04-10,2026-04-10 11:28:08.670237
210,VALUE_BASIC,3,0,2098.17,100.0,0.0,25.0,LOYAL (7yr+),BOOMER,MODERATE,,Y,Y,N,SEG_V3.2,2026-04-10,2026-04-10 11:28:08.670237
211,ENGAGED_MAINSTREAM,0,0,17337.9,100.0,0.0,100.0,LOYAL (7yr+),MILLENNIAL,AFFLUENT,,N,N,N,SEG_V3.2,2026-04-10,2026-04-10 11:28:08.670237
212,VALUE_BASIC,3,0,8764.02,100.0,0.0,75.0,LOYAL (7yr+),BOOMER,AFFLUENT,,N,N,N,SEG_V3.2,2026-04-10,2026-04-10 11:28:08.670237
213,VALUE_BASIC,3,0,7398.92,100.0,0.0,50.0,LOYAL (7yr+),BOOMER,MODERATE,,N,Y,N,SEG_V3.2,2026-04-10,2026-04-10 11:28:08.670237
214,ENGAGED_MAINSTREAM,0,0,22133.32,75.0,0.0,100.0,LOYAL (7yr+),GEN_X,HIGH_NET_WORTH,,N,N,N,SEG_V3.2,2026-04-10,2026-04-10 11:28:08.670237
215,VALUE_BASIC,3,0,11773.58,100.0,0.0,50.0,LOYAL (7yr+),BOOMER,AFFLUENT,,N,N,N,SEG_V3.2,2026-04-10,2026-04-10 11:28:08.670237
216,ENGAGED_MAINSTREAM,0,0,17816.58,100.0,0.0,100.0,LOYAL (7yr+),MILLENNIAL,AFFLUENT,,N,N,N,SEG_V3.2,2026-04-10,2026-04-10 11:28:08.670237
217,GROWING_DIGITAL,2,0,7459.06,66.67,0.0,75.0,LOYAL (7yr+),GEN_Z,MODERATE,,N,Y,N,SEG_V3.2,2026-04-10,2026-04-10 11:28:08.670237
219,GROWING_DIGITAL,2,0,2504.48,50.0,0.0,50.0,ESTABLISHED (3-7yr),GEN_X,MODERATE,,N,Y,N,SEG_V3.2,2026-04-10,2026-04-10 11:28:08.670237
220,VALUE_BASIC,3,0,4398.83,50.0,0.0,50.0,LOYAL (7yr+),SILENT,LOW,,N,N,N,SEG_V3.2,2026-04-10,2026-04-10 11:28:08.670237
222,CREDIT_DEPENDENT,1,0,3232.76,100.0,0.0,25.0,LOYAL (7yr+),GEN_X,LOW,,Y,N,N,SEG_V3.2,2026-04-10,2026-04-10 11:28:08.670237
223,ENGAGED_MAINSTREAM,0,0,13416.89,100.0,0.0,75.0,LOYAL (7yr+),BOOMER,MODERATE,,N,Y,N,SEG_V3.2,2026-04-10,2026-04-10 11:28:08.670237
224,CREDIT_DEPENDENT,1,0,1344.4,100.0,0.0,50.0,DEVELOPING (1-3yr),MILLENNIAL,MODERATE,,N,Y,N,SEG_V3.2,2026-04-10,2026-04-10 11:28:08.670237
225,VALUE_BASIC,3,0,3183.92,100.0,0.0,25.0,LOYAL (7yr+),BOOMER,LOW,,Y,N,N,SEG_V3.2,2026-04-10,2026-04-10 11:28:08.670237
226,PREMIUM_WEALTH,4,0,3089.94,50.0,0.0,100.0,DEVELOPING (1-3yr),MILLENNIAL,AFFLUENT,,N,N,N,SEG_V3.2,2026-04-10,2026-04-10 11:28:08.670237
229,ENGAGED_MAINSTREAM,0,0,5654.15,100.0,0.0,50.0,LOYAL (7yr+),GEN_X,AFFLUENT,,N,N,N,SEG_V3.2,2026-04-10,2026-04-10 11:28:08.670237
231,ENGAGED_MAINSTREAM,0,0,6227.12,100.0,0.0,25.0,LOYAL (7yr+),GEN_X,HIGH_NET_WORTH,,Y,N,N,SEG_V3.2,2026-04-10,2026-04-10 11:28:08.670237
232,PREMIUM_WEALTH,4,0,7221.56,100.0,0.0,75.0,LOYAL (7yr+),BOOMER,AFFLUENT,,N,N,N,SEG_V3.2,2026-04-10,2026-04-10 11:28:08.670237
234,ENGAGED_MAINSTREAM,0,0,9555.36,50.0,0.0,50.0,LOYAL (7yr+),BOOMER,AFFLUENT,,N,N,N,SEG_V3.2,2026-04-10,2026-04-10 11:28:08.670237
235,PREMIUM_WEALTH,4,0,6117.1,75.0,0.0,100.0,ESTABLISHED (3-7yr),GEN_X,HIGH_NET_WORTH,,N,N,N,SEG_V3.2,2026-04-10,2026-04-10 11:28:08.670237
236,GROWING_DIGITAL,2,0,6843.07,50.0,0.0,50.0,LOYAL (7yr+),BOOMER,MODERATE,,N,Y,N,SEG_V3.2,2026-04-10,2026-04-10 11:28:08.670237
237,ENGAGED_MAINSTREAM,0,0,13590.74,66.67,0.0,75.0,LOYAL (7yr+),BOOMER,AFFLUENT,,N,N,N,SEG_V3.2,2026-04-10,2026-04-10 11:28:08.670237
238,CREDIT_DEPENDENT,1,0,5526.97,100.0,0.0,75.0,ESTABLISHED (3-7yr),GEN_X,MODERATE,,N,Y,N,SEG_V3.2,2026-04-10,2026-04-10 11:28:08.670237
239,ENGAGED_MAINSTREAM,0,0,16873.5,100.0,0.0,100.0,LOYAL (7yr+),MILLENNIAL,AFFLUENT,,N,N,N,SEG_V3.2,2026-04-10,2026-04-10 11:28:08.670237
241,ENGAGED_MAINSTREAM,0,0,14118.59,66.67,0.0,75.0,LOYAL (7yr+),MILLENNIAL,AFFLUENT,,N,N,N,SEG_V3.2,2026-04-10,2026-04-10 11:28:08.670237
242,ENGAGED_MAINSTREAM,0,0,19721.45,100.0,0.0,100.0,LOYAL (7yr+),GEN_X,AFFLUENT,,N,N,N,SEG_V3.2,2026-04-10,2026-04-10 11:28:08.670237
243,ENGAGED_MAINSTREAM,0,0,17610.08,50.0,0.0,100.0,LOYAL (7yr+),GEN_Z,AFFLUENT,,N,N,N,SEG_V3.2,2026-04-10,2026-04-10 11:28:08.670237
244,GROWING_DIGITAL,2,0,962.19,0.0,0.0,25.0,ESTABLISHED (3-7yr),BOOMER,LOW,,N,N,Y,SEG_V3.2,2026-04-10,2026-04-10 11:28:08.670237
245,ENGAGED_MAINSTREAM,0,0,14600.07,100.0,0.0,75.0,LOYAL (7yr+),BOOMER,AFFLUENT,,N,N,N,SEG_V3.2,2026-04-10,2026-04-10 11:28:08.670237
247,GROWING_DIGITAL,2,0,5464.46,0.0,0.0,50.0,LOYAL (7yr+),BOOMER,MODERATE,,N,Y,Y,SEG_V3.2,2026-04-10,2026-04-10 11:28:08.670237
248,GROWING_DIGITAL,2,0,3298.29,50.0,0.0,50.0,ESTABLISHED (3-7yr),GEN_X,MODERATE,,N,Y,N,SEG_V3.2,2026-04-10,2026-04-10 11:28:08.670237
249,PREMIUM_WEALTH,4,0,7023.26,100.0,0.0,75.0,ESTABLISHED (3-7yr),BOOMER,HIGH_NET_WORTH,,N,N,N,SEG_V3.2,2026-04-10,2026-04-10 11:28:08.670237
250,PREMIUM_WEALTH,4,0,4238.59,100.0,0.0,100.0,ESTABLISHED (3-7yr),GEN_Z,AFFLUENT,,N,N,N,SEG_V3.2,2026-04-10,2026-04-10 11:28:08.670237
251,CREDIT_DEPENDENT,1,0,5164.68,100.0,0.0,25.0,LOYAL (7yr+),MILLENNIAL,MODERATE,,Y,Y,N,SEG_V3.2,2026-04-10,2026-04-10 11:28:08.670237
252,PREMIUM_WEALTH,4,0,2404.11,100.0,0.0,75.0,DEVELOPING (1-3yr),GEN_X,MODERATE,,N,Y,N,SEG_V3.2,2026-04-10,2026-04-10 11:28:08.670237
253,PREMIUM_WEALTH,4,0,1347.03,50.0,0.0,50.0,DEVELOPING (1-3yr),MILLENNIAL,HIGH_NET_WORTH,,N,N,N,SEG_V3.2,2026-04-10,2026-04-10 11:28:08.670237
254,GROWING_DIGITAL,2,0,11339.24,50.0,0.0,50.0,LOYAL (7yr+),MILLENNIAL,AFFLUENT,,N,N,N,SEG_V3.2,2026-04-10,2026-04-10 11:28:08.670237
255,VALUE_BASIC,3,0,7102.71,100.0,0.0,50.0,LOYAL (7yr+),BOOMER,AFFLUENT,,N,N,N,SEG_V3.2,2026-04-10,2026-04-10 11:28:08.670237
256,PREMIUM_WEALTH,4,0,8156.45,100.0,0.0,75.0,LOYAL (7yr+),MILLENNIAL,AFFLUENT,,N,N,N,SEG_V3.2,2026-04-10,2026-04-10 11:28:08.670237
257,GROWING_DIGITAL,2,0,3175.97,0.0,0.0,25.0,LOYAL (7yr+),BOOMER,MODERATE,,N,Y,Y,SEG_V3.2,2026-04-10,2026-04-10 11:28:08.670237
258,CREDIT_DEPENDENT,1,0,3797.72,100.0,0.0,50.0,LOYAL (7yr+),GEN_Z,MODERATE,,N,Y,N,SEG_V3.2,2026-04-10,2026-04-10 11:28:08.670237
259,GROWING_DIGITAL,2,0,563.25,0.0,0.0,25.0,DEVELOPING (1-3yr),MILLENNIAL,MODERATE,,N,Y,N,SEG_V3.2,2026-04-10,2026-04-10 11:28:08.670237
261,GROWING_DIGITAL,2,0,1652.13,50.0,0.0,50.0,ESTABLISHED (3-7yr),BOOMER,MODERATE,,N,Y,N,SEG_V3.2,2026-04-10,2026-04-10 11:28:08.670237
263,ENGAGED_MAINSTREAM,0,0,13086.35,100.0,0.0,50.0,LOYAL (7yr+),MILLENNIAL,AFFLUENT,,N,N,N,SEG_V3.2,2026-04-10,2026-04-10 11:28:08.670237
264,ENGAGED_MAINSTREAM,0,0,21631.95,75.0,0.0,100.0,LOYAL (7yr+),SILENT,AFFLUENT,,N,N,N,SEG_V3.2,2026-04-10,2026-04-10 11:28:08.670237
265,GROWING_DIGITAL,2,0,5292.17,50.0,0.0,50.0,LOYAL (7yr+),SILENT,HIGH_NET_WORTH,,N,N,N,SEG_V3.2,2026-04-10,2026-04-10 11:28:08.670237
266,VALUE_BASIC,3,0,7285.78,100.0,0.0,50.0,LOYAL (7yr+),GEN_X,MODERATE,,N,Y,N,SEG_V3.2,2026-04-10,2026-04-10 11:28:08.670237
267,ENGAGED_MAINSTREAM,0,0,13595.91,75.0,0.0,100.0,LOYAL (7yr+),GEN_X,MODERATE,,N,Y,N,SEG_V3.2,2026-04-10,2026-04-10 11:28:08.670237
268,PREMIUM_WEALTH,4,0,9217.85,100.0,0.0,75.0,LOYAL (7yr+),MILLENNIAL,AFFLUENT,,N,N,N,SEG_V3.2,2026-04-10,2026-04-10 11:28:08.670237
269,GROWING_DIGITAL,2,0,1607.58,50.0,0.0,50.0,DEVELOPING (1-3yr),BOOMER,MODERATE,,N,Y,N,SEG_V3.2,2026-04-10,2026-04-10 11:28:08.670237
271,ENGAGED_MAINSTREAM,0,0,10660.89,66.67,0.0,75.0,LOYAL (7yr+),MILLENNIAL,MODERATE,,N,Y,N,SEG_V3.2,2026-04-10,2026-04-10 11:28:08.670237
272,ENGAGED_MAINSTREAM,0,0,25602.7,100.0,0.0,100.0,LOYAL (7yr+),GEN_Z,AFFLUENT,,N,N,N,SEG_V3.2,2026-04-10,2026-04-10 11:28:08.670237
273,CREDIT_DEPENDENT,1,0,94.91,100.0,0.0,50.0,NEW (<1yr),MILLENNIAL,AFFLUENT,,N,N,N,SEG_V3.2,2026-04-10,2026-04-10 11:28:08.670237
274,ENGAGED_MAINSTREAM,0,0,22603.84,75.0,0.0,100.0,LOYAL (7yr+),SILENT,HIGH_NET_WORTH,,N,N,N,SEG_V3.2,2026-04-10,2026-04-10 11:28:08.670237
275,CREDIT_DEPENDENT,1,0,4683.48,100.0,0.0,25.0,LOYAL (7yr+),GEN_X,AFFLUENT,,Y,N,N,SEG_V3.2,2026-04-10,2026-04-10 11:28:08.670237
276,ENGAGED_MAINSTREAM,0,0,15510.54,66.67,0.0,75.0,LOYAL (7yr+),GEN_X,MODERATE,,N,Y,N,SEG_V3.2,2026-04-10,2026-04-10 11:28:08.670237
277,CREDIT_DEPENDENT,1,0,2403.34,100.0,0.0,25.0,LOYAL (7yr+),GEN_X,AFFLUENT,,Y,N,N,SEG_V3.2,2026-04-10,2026-04-10 11:28:08.670237
278,PREMIUM_WEALTH,4,0,2773.82,75.0,0.0,100.0,DEVELOPING (1-3yr),BOOMER,AFFLUENT,,N,N,N,SEG_V3.2,2026-04-10,2026-04-10 11:28:08.670237
279,GROWING_DIGITAL,2,0,3122.99,50.0,0.0,50.0,ESTABLISHED (3-7yr),GEN_Z,AFFLUENT,,N,N,N,SEG_V3.2,2026-04-10,2026-04-10 11:28:08.670237
280,ENGAGED_MAINSTREAM,0,0,15795.45,100.0,0.0,75.0,LOYAL (7yr+),GEN_Z,AFFLUENT,,N,N,N,SEG_V3.2,2026-04-10,2026-04-10 11:28:08.670237
281,CREDIT_DEPENDENT,1,0,8068.37,100.0,0.0,50.0,LOYAL (7yr+),MILLENNIAL,MODERATE,,N,Y,N,SEG_V3.2,2026-04-10,2026-04-10 11:28:08.670237
282,ENGAGED_MAINSTREAM,0,0,10716.46,100.0,0.0,75.0,LOYAL (7yr+),GEN_X,AFFLUENT,,N,N,N,SEG_V3.2,2026-04-10,2026-04-10 11:28:08.670237
283,VALUE_BASIC,3,0,1277.78,100.0,0.0,50.0,DEVELOPING (1-3yr),BOOMER,MODERATE,,N,Y,N,SEG_V3.2,2026-04-10,2026-04-10 11:28:08.670237
284,PREMIUM_WEALTH,4,0,2136.72,100.0,0.0,75.0,DEVELOPING (1-3yr),GEN_X,AFFLUENT,,N,N,N,SEG_V3.2,2026-04-10,2026-04-10 11:28:08.670237
285,PREMIUM_WEALTH,4,0,11795.13,75.0,0.0,100.0,LOYAL (7yr+),GEN_X,AFFLUENT,,N,N,N,SEG_V3.2,2026-04-10,2026-04-10 11:28:08.670237
290,PREMIUM_WEALTH,4,0,274.99,100.0,0.0,75.0,NEW (<1yr),GEN_X,MODERATE,,N,N,N,SEG_V3.2,2026-04-10,2026-04-10 11:28:08.670237
291,PREMIUM_WEALTH,4,0,1602.41,33.33,0.0,75.0,DEVELOPING (1-3yr),BOOMER,MODERATE,,N,Y,N,SEG_V3.2,2026-04-10,2026-04-10 11:28:08.670237
292,PREMIUM_WEALTH,4,0,8934.61,75.0,0.0,100.0,LOYAL (7yr+),MILLENNIAL,MODERATE,,N,Y,N,SEG_V3.2,2026-04-10,2026-04-10 11:28:08.670237
293,ENGAGED_MAINSTREAM,0,0,16428.64,100.0,0.0,75.0,LOYAL (7yr+),SILENT,HIGH_NET_WORTH,,N,N,N,SEG_V3.2,2026-04-10,2026-04-10 11:28:08.670237
294,ENGAGED_MAINSTREAM,0,0,18542.35,75.0,0.0,100.0,LOYAL (7yr+),MILLENNIAL,AFFLUENT,,N,N,N,SEG_V3.2,2026-04-10,2026-04-10 11:28:08.670237
295,PREMIUM_WEALTH,4,0,11262.77,75.0,0.0,100.0,LOYAL (7yr+),GEN_X,AFFLUENT,,N,N,N,SEG_V3.2,2026-04-10,2026-04-10 11:28:08.670237
297,ENGAGED_MAINSTREAM,0,0,23379.28,25.0,0.0,100.0,LOYAL (7yr+),BOOMER,AFFLUENT,,N,N,Y,SEG_V3.2,2026-04-10,2026-04-10 11:28:08.670237
298,PREMIUM_WEALTH,4,0,8338.13,100.0,0.0,75.0,LOYAL (7yr+),GEN_X,AFFLUENT,,N,N,N,SEG_V3.2,2026-04-10,2026-04-10 11:28:08.670237
299,PREMIUM_WEALTH,4,0,8864.58,100.0,0.0,100.0,ESTABLISHED (3-7yr),MILLENNIAL,HIGH_NET_WORTH,,N,N,N,SEG_V3.2,2026-04-10,2026-04-10 11:28:08.670237
301,GROWING_DIGITAL,2,0,170.15,50.0,0.0,50.0,NEW (<1yr),GEN_X,MODERATE,,N,N,N,SEG_V3.2,2026-04-10,2026-04-10 11:28:08.670237
302,VALUE_BASIC,3,0,1172.25,100.0,0.0,25.0,ESTABLISHED (3-7yr),BOOMER,LOW,,Y,N,N,SEG_V3.2,2026-04-10,2026-04-10 11:28:08.670237
303,PREMIUM_WEALTH,4,0,10351.68,100.0,0.0,75.0,LOYAL (7yr+),GEN_Z,AFFLUENT,,N,N,N,SEG_V3.2,2026-04-10,2026-04-10 11:28:08.670237
306,ENGAGED_MAINSTREAM,0,0,7120.05,100.0,0.0,50.0,LOYAL (7yr+),MILLENNIAL,MODERATE,,N,Y,N,SEG_V3.2,2026-04-10,2026-04-10 11:28:08.670237
307,ENGAGED_MAINSTREAM,0,0,8374.92,66.67,0.0,75.0,LOYAL (7yr+),MILLENNIAL,MODERATE,,N,Y,N,SEG_V3.2,2026-04-10,2026-04-10 11:28:08.670237
308,PREMIUM_WEALTH,4,0,1376.24,100.0,0.0,50.0,DEVELOPING (1-3yr),GEN_X,AFFLUENT,,N,N,N,SEG_V3.2,2026-04-10,2026-04-10 11:28:08.670237
309,GROWING_DIGITAL,2,0,3787.52,50.0,0.0,50.0,LOYAL (7yr+),MILLENNIAL,MODERATE,,N,Y,N,SEG_V3.2,2026-04-10,2026-04-10 11:28:08.670237
310,CREDIT_DEPENDENT,1,0,9603.39,100.0,0.0,50.0,LOYAL (7yr+),GEN_Z,MODERATE,,N,Y,N,SEG_V3.2,2026-04-10,2026-04-10 11:28:08.670237
311,GROWING_DIGITAL,2,0,446.66,50.0,0.0,50.0,NEW (<1yr),BOOMER,MODERATE,,N,N,N,SEG_V3.2,2026-04-10,2026-04-10 11:28:08.670237
312,ENGAGED_MAINSTREAM,0,0,10094.11,100.0,0.0,50.0,LOYAL (7yr+),BOOMER,AFFLUENT,,N,N,N,SEG_V3.2,2026-04-10,2026-04-10 11:28:08.670237
313,CREDIT_DEPENDENT,1,0,7623.14,100.0,0.0,50.0,LOYAL (7yr+),MILLENNIAL,AFFLUENT,,N,N,N,SEG_V3.2,2026-04-10,2026-04-10 11:28:08.670237
314,CREDIT_DEPENDENT,1,0,3034.43,100.0,0.0,50.0,ESTABLISHED (3-7yr),MILLENNIAL,MODERATE,,N,Y,N,SEG_V3.2,2026-04-10,2026-04-10 11:28:08.670237
315,CREDIT_DEPENDENT,1,0,3220.12,100.0,0.0,25.0,LOYAL (7yr+),MILLENNIAL,LOW,,Y,N,N,SEG_V3.2,2026-04-10,2026-04-10 11:28:08.670237
316,ENGAGED_MAINSTREAM,0,0,21432.28,75.0,0.0,100.0,LOYAL (7yr+),BOOMER,AFFLUENT,,N,N,N,SEG_V3.2,2026-04-10,2026-04-10 11:28:08.670237
317,VALUE_BASIC,3,0,188.51,100.0,0.0,25.0,NEW (<1yr),BOOMER,LOW,,Y,N,N,SEG_V3.2,2026-04-10,2026-04-10 11:28:08.670237
318,PREMIUM_WEALTH,4,0,1917.11,100.0,0.0,75.0,DEVELOPING (1-3yr),BOOMER,AFFLUENT,,N,N,N,SEG_V3.2,2026-04-10,2026-04-10 11:28:08.670237
320,ENGAGED_MAINSTREAM,0,0,23476.43,75.0,0.0,100.0,LOYAL (7yr+),BOOMER,AFFLUENT,,N,N,N,SEG_V3.2,2026-04-10,2026-04-10 11:28:08.670237
321,PREMIUM_WEALTH,4,0,303.63,100.0,0.0,50.0,NEW (<1yr),MILLENNIAL,MODERATE,,N,N,N,SEG_V3.2,2026-04-10,2026-04-10 11:28:08.670237
322,ENGAGED_MAINSTREAM,0,0,11767.6,66.67,0.0,75.0,LOYAL (7yr+),GEN_Z,AFFLUENT,,N,N,N,SEG_V3.2,2026-04-10,2026-04-10 11:28:08.670237
323,PREMIUM_WEALTH,4,0,2821.74,66.67,0.0,75.0,DEVELOPING (1-3yr),BOOMER,AFFLUENT,,N,N,N,SEG_V3.2,2026-04-10,2026-04-10 11:28:08.670237
324,VALUE_BASIC,3,0,5289.2,100.0,0.0,50.0,LOYAL (7yr+),SILENT,LOW,,N,N,N,SEG_V3.2,2026-04-10,2026-04-10 11:28:08.670237
325,ENGAGED_MAINSTREAM,0,0,14247.18,100.0,0.0,75.0,LOYAL (7yr+),SILENT,HIGH_NET_WORTH,,N,N,N,SEG_V3.2,2026-04-10,2026-04-10 11:28:08.670237
327,CREDIT_DEPENDENT,1,0,2823.53,100.0,0.0,25.0,LOYAL (7yr+),MILLENNIAL,LOW,,Y,N,N,SEG_V3.2,2026-04-10,2026-04-10 11:28:08.670237
328,GROWING_DIGITAL,2,0,9493.53,50.0,0.0,50.0,LOYAL (7yr+),GEN_Z,MODERATE,,N,Y,N,SEG_V3.2,2026-04-10,2026-04-10 11:28:08.670237
329,CREDIT_DEPENDENT,1,0,10816.7,100.0,0.0,50.0,LOYAL (7yr+),MILLENNIAL,AFFLUENT,,N,N,N,SEG_V3.2,2026-04-10,2026-04-10 11:28:08.670237
330,PREMIUM_WEALTH,4,0,904.51,75.0,0.0,100.0,NEW (<1yr),GEN_X,AFFLUENT,,N,N,N,SEG_V3.2,2026-04-10,2026-04-10 11:28:08.670237
331,VALUE_BASIC,3,0,2793.52,100.0,0.0,50.0,ESTABLISHED (3-7yr),GEN_X,AFFLUENT,,N,N,N,SEG_V3.2,2026-04-10,2026-04-10 11:28:08.670237
333,PREMIUM_WEALTH,4,0,10523.81,100.0,0.0,100.0,LOYAL (7yr+),MILLENNIAL,AFFLUENT,,N,N,N,SEG_V3.2,2026-04-10,2026-04-10 11:28:08.670237
335,ENGAGED_MAINSTREAM,0,0,23126.66,50.0,0.0,100.0,LOYAL (7yr+),GEN_X,AFFLUENT,,N,N,N,SEG_V3.2,2026-04-10,2026-04-10 11:28:08.670237
336,ENGAGED_MAINSTREAM,0,0,9166.79,100.0,0.0,50.0,LOYAL (7yr+),BOOMER,AFFLUENT,,N,N,N,SEG_V3.2,2026-04-10,2026-04-10 11:28:08.670237
337,VALUE_BASIC,3,0,7919.01,100.0,0.0,50.0,LOYAL (7yr+),SILENT,MODERATE,,N,Y,N,SEG_V3.2,2026-04-10,2026-04-10 11:28:08.670237
339,PREMIUM_WEALTH,4,0,407.06,66.67,0.0,75.0,NEW (<1yr),MILLENNIAL,AFFLUENT,,N,N,N,SEG_V3.2,2026-04-10,2026-04-10 11:28:08.670237
340,VALUE_BASIC,3,0,12334.24,100.0,0.0,50.0,LOYAL (7yr+),SILENT,AFFLUENT,,N,N,N,SEG_V3.2,2026-04-10,2026-04-10 11:28:08.670237
341,PREMIUM_WEALTH,4,0,6389.05,100.0,0.0,100.0,ESTABLISHED (3-7yr),BOOMER,MODERATE,,N,Y,N,SEG_V3.2,2026-04-10,2026-04-10 11:28:08.670237
342,ENGAGED_MAINSTREAM,0,0,19444.5,75.0,0.0,100.0,LOYAL (7yr+),MILLENNIAL,HIGH_NET_WORTH,,N,N,N,SEG_V3.2,2026-04-10,2026-04-10 11:28:08.670237
343,VALUE_BASIC,3,0,6236.93,100.0,0.0,50.0,LOYAL (7yr+),BOOMER,LOW,,N,N,N,SEG_V3.2,2026-04-10,2026-04-10 11:28:08.670237
344,GROWING_DIGITAL,2,0,628.54,66.67,0.0,75.0,NEW (<1yr),GEN_X,MODERATE,,N,N,N,SEG_V3.2,2026-04-10,2026-04-10 11:28:08.670237
345,PREMIUM_WEALTH,4,0,323.47,100.0,0.0,100.0,NEW (<1yr),SILENT,AFFLUENT,,N,N,N,SEG_V3.2,2026-04-10,2026-04-10 11:28:08.670237
346,GROWING_DIGITAL,2,0,81.39,0.0,0.0,25.0,NEW (<1yr),MILLENNIAL,AFFLUENT,,N,N,N,SEG_V3.2,2026-04-10,2026-04-10 11:28:08.670237
347,PREMIUM_WEALTH,4,0,3937.32,33.33,0.0,75.0,ESTABLISHED (3-7yr),SILENT,HIGH_NET_WORTH,,N,N,N,SEG_V3.2,2026-04-10,2026-04-10 11:28:08.670237
348,GROWING_DIGITAL,2,0,302.6,0.0,0.0,25.0,DEVELOPING (1-3yr),SILENT,AFFLUENT,,N,N,N,SEG_V3.2,2026-04-10,2026-04-10 11:28:08.670237
349,CREDIT_DEPENDENT,1,0,3374.79,100.0,0.0,25.0,LOYAL (7yr+),MILLENNIAL,LOW,,Y,N,N,SEG_V3.2,2026-04-10,2026-04-10 11:28:08.670237
350,CREDIT_DEPENDENT,1,0,6866.53,100.0,0.0,50.0,LOYAL (7yr+),MILLENNIAL,AFFLUENT,,N,N,N,SEG_V3.2,2026-04-10,2026-04-10 11:28:08.670237
351,ENGAGED_MAINSTREAM,0,0,11230.65,100.0,0.0,50.0,LOYAL (7yr+),GEN_X,AFFLUENT,,N,N,N,SEG_V3.2,2026-04-10,2026-04-10 11:28:08.670237
352,CREDIT_DEPENDENT,1,0,8075.37,100.0,0.0,50.0,LOYAL (7yr+),GEN_Z,MODERATE,,N,Y,N,SEG_V3.2,2026-04-10,2026-04-10 11:28:08.670237
353,ENGAGED_MAINSTREAM,0,0,21085.49,66.67,0.0,75.0,LOYAL (7yr+),MILLENNIAL,HIGH_NET_WORTH,,N,N,N,SEG_V3.2,2026-04-10,2026-04-10 11:28:08.670237
354,PREMIUM_WEALTH,4,0,6823.25,100.0,0.0,100.0,ESTABLISHED (3-7yr),GEN_X,HIGH_NET_WORTH,,N,N,N,SEG_V3.2,2026-04-10,2026-04-10 11:28:08.670237
355,VALUE_BASIC,3,0,803.47,100.0,0.0,25.0,ESTABLISHED (3-7yr),SILENT,LOW,,Y,N,N,SEG_V3.2,2026-04-10,2026-04-10 11:28:08.670237
356,VALUE_BASIC,3,0,2257.59,100.0,0.0,25.0,LOYAL (7yr+),SILENT,LOW,,Y,N,N,SEG_V3.2,2026-04-10,2026-04-10 11:28:08.670237
357,PREMIUM_WEALTH,4,0,4947.53,66.67,0.0,75.0,ESTABLISHED (3-7yr),MILLENNIAL,AFFLUENT,,N,N,N,SEG_V3.2,2026-04-10,2026-04-10 11:28:08.670237
358,GROWING_DIGITAL,2,0,740.02,50.0,0.0,50.0,DEVELOPING (1-3yr),SILENT,AFFLUENT,,N,N,N,SEG_V3.2,2026-04-10,2026-04-10 11:28:08.670237
359,ENGAGED_MAINSTREAM,0,0,7989.13,100.0,0.0,50.0,LOYAL (7yr+),GEN_Z,AFFLUENT,,N,N,N,SEG_V3.2,2026-04-10,2026-04-10 11:28:08.670237
360,VALUE_BASIC,3,0,7504.85,100.0,0.0,50.0,LOYAL (7yr+),BOOMER,MODERATE,,N,Y,N,SEG_V3.2,2026-04-10,2026-04-10 11:28:08.670237
361,ENGAGED_MAINSTREAM,0,0,22578.85,75.0,0.0,100.0,LOYAL (7yr+),BOOMER,AFFLUENT,,N,N,N,SEG_V3.2,2026-04-10,2026-04-10 11:28:08.670237
362,VALUE_BASIC,3,0,8952.59,100.0,0.0,50.0,LOYAL (7yr+),SILENT,MODERATE,,N,Y,N,SEG_V3.2,2026-04-10,2026-04-10 11:28:08.670237
364,ENGAGED_MAINSTREAM,0,0,13866.47,100.0,0.0,75.0,LOYAL (7yr+),SILENT,AFFLUENT,,N,N,N,SEG_V3.2,2026-04-10,2026-04-10 11:28:08.670237
365,CREDIT_DEPENDENT,1,0,11784.36,100.0,0.0,50.0,LOYAL (7yr+),MILLENNIAL,HIGH_NET_WORTH,,N,N,N,SEG_V3.2,2026-04-10,2026-04-10 11:28:08.670237
366,ENGAGED_MAINSTREAM,0,0,14142.89,100.0,0.0,75.0,LOYAL (7yr+),GEN_X,AFFLUENT,,N,N,N,SEG_V3.2,2026-04-10,2026-04-10 11:28:08.670237
367,ENGAGED_MAINSTREAM,0,0,10165.65,100.0,0.0,75.0,LOYAL (7yr+),GEN_X,LOW,,N,N,N,SEG_V3.2,2026-04-10,2026-04-10 11:28:08.670237
368,ENGAGED_MAINSTREAM,0,0,14678.94,100.0,0.0,75.0,LOYAL (7yr+),MILLENNIAL,AFFLUENT,,N,N,N,SEG_V3.2,2026-04-10,2026-04-10 11:28:08.670237
369,CREDIT_DEPENDENT,1,0,5089.14,100.0,0.0,75.0,LOYAL (7yr+),GEN_Z,LOW,,N,N,N,SEG_V3.2,2026-04-10,2026-04-10 11:28:08.670237
370,PREMIUM_WEALTH,4,0,932.08,75.0,0.0,100.0,NEW (<1yr),BOOMER,MODERATE,,N,N,N,SEG_V3.2,2026-04-10,2026-04-10 11:28:08.670237
371,PREMIUM_WEALTH,4,0,8428.89,100.0,0.0,75.0,LOYAL (7yr+),MILLENNIAL,AFFLUENT,,N,N,N,SEG_V3.2,2026-04-10,2026-04-10 11:28:08.670237
373,CREDIT_DEPENDENT,1,0,1589.97,100.0,0.0,50.0,DEVELOPING (1-3yr),GEN_X,AFFLUENT,,N,N,N,SEG_V3.2,2026-04-10,2026-04-10 11:28:08.670237
374,GROWING_DIGITAL,2,0,1002.53,50.0,0.0,50.0,DEVELOPING (1-3yr),GEN_X,LOW,,N,N,N,SEG_V3.2,2026-04-10,2026-04-10 11:28:08.670237
375,VALUE_BASIC,3,0,2421.46,100.0,0.0,25.0,LOYAL (7yr+),SILENT,LOW,,Y,N,N,SEG_V3.2,2026-04-10,2026-04-10 11:28:08.670237
378,VALUE_BASIC,3,0,2148.07,100.0,0.0,25.0,LOYAL (7yr+),BOOMER,LOW,,Y,N,N,SEG_V3.2,2026-04-10,2026-04-10 11:28:08.670237
380,CREDIT_DEPENDENT,1,0,7487.39,100.0,0.0,50.0,LOYAL (7yr+),MILLENNIAL,AFFLUENT,,N,N,N,SEG_V3.2,2026-04-10,2026-04-10 11:28:08.670237
381,PREMIUM_WEALTH,4,0,1580.92,50.0,0.0,100.0,DEVELOPING (1-3yr),GEN_Z,MODERATE,,N,Y,N,SEG_V3.2,2026-04-10,2026-04-10 11:28:08.670237
382,ENGAGED_MAINSTREAM,0,0,18601.08,66.67,0.0,75.0,LOYAL (7yr+),SILENT,HIGH_NET_WORTH,,N,N,N,SEG_V3.2,2026-04-10,2026-04-10 11:28:08.670237
384,GROWING_DIGITAL,2,0,3050.35,66.67,0.0,75.0,ESTABLISHED (3-7yr),MILLENNIAL,AFFLUENT,,N,N,N,SEG_V3.2,2026-04-10,2026-04-10 11:28:08.670237
385,ENGAGED_MAINSTREAM,0,0,21238.32,75.0,0.0,100.0,LOYAL (7yr+),GEN_Z,AFFLUENT,,N,N,N,SEG_V3.2,2026-04-10,2026-04-10 11:28:08.670237
391,PREMIUM_WEALTH,4,0,2547.35,75.0,0.0,100.0,DEVELOPING (1-3yr),BOOMER,AFFLUENT,,N,N,N,SEG_V3.2,2026-04-10,2026-04-10 11:28:08.670237
392,ENGAGED_MAINSTREAM,0,0,22079.09,50.0,0.0,100.0,LOYAL (7yr+),MILLENNIAL,HIGH_NET_WORTH,,N,N,N,SEG_V3.2,2026-04-10,2026-04-10 11:28:08.670237
393,ENGAGED_MAINSTREAM,0,0,4890.99,100.0,0.0,50.0,LOYAL (7yr+),GEN_X,MODERATE,,N,Y,N,SEG_V3.2,2026-04-10,2026-04-10 11:28:08.670237
394,VALUE_BASIC,3,0,9419.03,100.0,0.0,50.0,LOYAL (7yr+),BOOMER,MODERATE,,N,Y,N,SEG_V3.2,2026-04-10,2026-04-10 11:28:08.670237
395,ENGAGED_MAINSTREAM,0,0,7383.02,100.0,0.0,50.0,LOYAL (7yr+),BOOMER,MODERATE,,N,Y,N,SEG_V3.2,2026-04-10,2026-04-10 11:28:08.670237
396,ENGAGED_MAINSTREAM,0,0,10450.11,100.0,0.0,75.0,LOYAL (7yr+),SILENT,AFFLUENT,,N,N,N,SEG_V3.2,2026-04-10,2026-04-10 11:28:08.670237
398,PREMIUM_WEALTH,4,0,1620.3,100.0,0.0,100.0,DEVELOPING (1-3yr),MILLENNIAL,HIGH_NET_WORTH,,N,N,N,SEG_V3.2,2026-04-10,2026-04-10 11:28:08.670237
399,PREMIUM_WEALTH,4,0,1379.36,100.0,0.0,75.0,DEVELOPING (1-3yr),MILLENNIAL,AFFLUENT,,N,N,N,SEG_V3.2,2026-04-10,2026-04-10 11:28:08.670237
400,CREDIT_DEPENDENT,1,0,3501.65,100.0,0.0,25.0,LOYAL (7yr+),MILLENNIAL,AFFLUENT,,Y,N,N,SEG_V3.2,2026-04-10,2026-04-10 11:28:08.670237
401,VALUE_BASIC,3,0,82.09,100.0,0.0,50.0,NEW (<1yr),SILENT,MODERATE,,N,N,N,SEG_V3.2,2026-04-10,2026-04-10 11:28:08.670237
402,VALUE_BASIC,3,0,262.92,100.0,0.0,25.0,NEW (<1yr),BOOMER,AFFLUENT,,Y,N,N,SEG_V3.2,2026-04-10,2026-04-10 11:28:08.670237
403,GROWING_DIGITAL,2,0,2699.06,50.0,0.0,50.0,ESTABLISHED (3-7yr),MILLENNIAL,AFFLUENT,,N,N,N,SEG_V3.2,2026-04-10,2026-04-10 11:28:08.670237
404,ENGAGED_MAINSTREAM,0,0,17403.04,66.67,0.0,75.0,LOYAL (7yr+),SILENT,AFFLUENT,,N,N,N,SEG_V3.2,2026-04-10,2026-04-10 11:28:08.670237
405,PREMIUM_WEALTH,4,0,8825.68,100.0,0.0,75.0,LOYAL (7yr+),GEN_X,AFFLUENT,,N,N,N,SEG_V3.2,2026-04-10,2026-04-10 11:28:08.670237
407,PREMIUM_WEALTH,4,0,8696.5,100.0,0.0,75.0,LOYAL (7yr+),GEN_X,HIGH_NET_WORTH,,N,N,N,SEG_V3.2,2026-04-10,2026-04-10 11:28:08.670237
408,PREMIUM_WEALTH,4,0,3963.44,100.0,0.0,100.0,ESTABLISHED (3-7yr),MILLENNIAL,AFFLUENT,,N,N,N,SEG_V3.2,2026-04-10,2026-04-10 11:28:08.670237
409,VALUE_BASIC,3,0,3901.76,100.0,0.0,50.0,LOYAL (7yr+),SILENT,MODERATE,,N,Y,N,SEG_V3.2,2026-04-10,2026-04-10 11:28:08.670237
410,GROWING_DIGITAL,2,0,1337.35,50.0,0.0,50.0,DEVELOPING (1-3yr),GEN_Z,HIGH_NET_WORTH,,N,N,N,SEG_V3.2,2026-04-10,2026-04-10 11:28:08.670237
411,CREDIT_DEPENDENT,1,0,4111.63,100.0,0.0,25.0,LOYAL (7yr+),MILLENNIAL,MODERATE,,Y,Y,N,SEG_V3.2,2026-04-10,2026-04-10 11:28:08.670237
412,PREMIUM_WEALTH,4,0,3454.16,100.0,0.0,75.0,ESTABLISHED (3-7yr),MILLENNIAL,AFFLUENT,,N,N,N,SEG_V3.2,2026-04-10,2026-04-10 11:28:08.670237
414,CREDIT_DEPENDENT,1,0,7979.59,100.0,0.0,50.0,LOYAL (7yr+),MILLENNIAL,LOW,,N,N,N,SEG_V3.2,2026-04-10,2026-04-10 11:28:08.670237
415,CREDIT_DEPENDENT,1,0,6360.32,100.0,0.0,50.0,LOYAL (7yr+),GEN_Z,MODERATE,,N,Y,N,SEG_V3.2,2026-04-10,2026-04-10 11:28:08.670237
416,GROWING_DIGITAL,2,0,7738.13,33.33,0.0,75.0,LOYAL (7yr+),BOOMER,AFFLUENT,,N,N,Y,SEG_V3.2,2026-04-10,2026-04-10 11:28:08.670237
417,VALUE_BASIC,3,0,5640.87,100.0,0.0,50.0,LOYAL (7yr+),SILENT,MODERATE,,N,Y,N,SEG_V3.2,2026-04-10,2026-04-10 11:28:08.670237
418,ENGAGED_MAINSTREAM,0,0,19924.8,33.33,0.0,75.0,LOYAL (7yr+),MILLENNIAL,HIGH_NET_WORTH,,N,N,Y,SEG_V3.2,2026-04-10,2026-04-10 11:28:08.670237
419,CREDIT_DEPENDENT,1,0,1262.89,100.0,0.0,25.0,ESTABLISHED (3-7yr),MILLENNIAL,MODERATE,,Y,Y,N,SEG_V3.2,2026-04-10,2026-04-10 11:28:08.670237
420,ENGAGED_MAINSTREAM,0,0,12470.01,100.0,0.0,75.0,LOYAL (7yr+),GEN_X,AFFLUENT,,N,N,N,SEG_V3.2,2026-04-10,2026-04-10 11:28:08.670237
421,GROWING_DIGITAL,2,0,15388.66,33.33,0.0,75.0,LOYAL (7yr+),SILENT,AFFLUENT,,N,N,Y,SEG_V3.2,2026-04-10,2026-04-10 11:28:08.670237
422,ENGAGED_MAINSTREAM,0,0,11435.13,66.67,0.0,75.0,LOYAL (7yr+),BOOMER,AFFLUENT,,N,N,N,SEG_V3.2,2026-04-10,2026-04-10 11:28:08.670237
423,VALUE_BASIC,3,0,3956.47,100.0,0.0,50.0,LOYAL (7yr+),BOOMER,MODERATE,,N,Y,N,SEG_V3.2,2026-04-10,2026-04-10 11:28:08.670237
425,PREMIUM_WEALTH,4,0,3146.14,100.0,0.0,50.0,ESTABLISHED (3-7yr),GEN_X,AFFLUENT,,N,N,N,SEG_V3.2,2026-04-10,2026-04-10 11:28:08.670237
426,ENGAGED_MAINSTREAM,0,0,13634.15,100.0,0.0,75.0,LOYAL (7yr+),MILLENNIAL,MODERATE,,N,Y,N,SEG_V3.2,2026-04-10,2026-04-10 11:28:08.670237
427,VALUE_BASIC,3,0,3019.1,100.0,0.0,25.0,LOYAL (7yr+),BOOMER,AFFLUENT,,Y,N,N,SEG_V3.2,2026-04-10,2026-04-10 11:28:08.670237
428,GROWING_DIGITAL,2,0,2811.36,50.0,0.0,50.0,ESTABLISHED (3-7yr),BOOMER,MODERATE,,N,Y,N,SEG_V3.2,2026-04-10,2026-04-10 11:28:08.670237
429,PREMIUM_WEALTH,4,0,7714.65,66.67,0.0,75.0,LOYAL (7yr+),GEN_Z,AFFLUENT,,N,N,N,SEG_V3.2,2026-04-10,2026-04-10 11:28:08.670237
430,GROWING_DIGITAL,2,0,3234.3,0.0,0.0,25.0,LOYAL (7yr+),BOOMER,AFFLUENT,,N,N,Y,SEG_V3.2,2026-04-10,2026-04-10 11:28:08.670237
431,PREMIUM_WEALTH,4,0,9855.55,66.67,0.0,75.0,LOYAL (7yr+),GEN_Z,AFFLUENT,,N,N,N,SEG_V3.2,2026-04-10,2026-04-10 11:28:08.670237
432,VALUE_BASIC,3,0,12791.88,100.0,0.0,75.0,LOYAL (7yr+),BOOMER,AFFLUENT,,N,N,N,SEG_V3.2,2026-04-10,2026-04-10 11:28:08.670237
433,VALUE_BASIC,3,0,1240.1,100.0,0.0,25.0,ESTABLISHED (3-7yr),BOOMER,MODERATE,,Y,Y,N,SEG_V3.2,2026-04-10,2026-04-10 11:28:08.670237
434,CREDIT_DEPENDENT,1,0,7552.74,100.0,0.0,50.0,LOYAL (7yr+),MILLENNIAL,AFFLUENT,,N,N,N,SEG_V3.2,2026-04-10,2026-04-10 11:28:08.670237
435,GROWING_DIGITAL,2,0,5224.69,50.0,0.0,50.0,LOYAL (7yr+),GEN_X,AFFLUENT,,N,N,N,SEG_V3.2,2026-04-10,2026-04-10 11:28:08.670237
436,ENGAGED_MAINSTREAM,0,0,15653.67,100.0,0.0,75.0,LOYAL (7yr+),MILLENNIAL,AFFLUENT,,N,N,N,SEG_V3.2,2026-04-10,2026-04-10 11:28:08.670237
437,GROWING_DIGITAL,2,0,1615.37,50.0,0.0,50.0,ESTABLISHED (3-7yr),GEN_X,MODERATE,,N,Y,N,SEG_V3.2,2026-04-10,2026-04-10 11:28:08.670237
438,VALUE_BASIC,3,0,2802.24,66.67,0.0,75.0,ESTABLISHED (3-7yr),SILENT,AFFLUENT,,N,N,N,SEG_V3.2,2026-04-10,2026-04-10 11:28:08.670237
440,PREMIUM_WEALTH,4,0,15982.07,100.0,0.0,100.0,LOYAL (7yr+),GEN_X,HIGH_NET_WORTH,,N,N,N,SEG_V3.2,2026-04-10,2026-04-10 11:28:08.670237
441,ENGAGED_MAINSTREAM,0,0,15174.94,100.0,0.0,100.0,LOYAL (7yr+),SILENT,MODERATE,,N,Y,N,SEG_V3.2,2026-04-10,2026-04-10 11:28:08.670237
442,PREMIUM_WEALTH,4,0,12371.32,50.0,0.0,100.0,LOYAL (7yr+),MILLENNIAL,HIGH_NET_WORTH,,N,N,N,SEG_V3.2,2026-04-10,2026-04-10 11:28:08.670237
443,GROWING_DIGITAL,2,0,10541.09,50.0,0.0,50.0,LOYAL (7yr+),MILLENNIAL,AFFLUENT,,N,N,N,SEG_V3.2,2026-04-10,2026-04-10 11:28:08.670237
444,GROWING_DIGITAL,2,0,7995.74,66.67,0.0,75.0,LOYAL (7yr+),GEN_X,AFFLUENT,,N,N,N,SEG_V3.2,2026-04-10,2026-04-10 11:28:08.670237
445,PREMIUM_WEALTH,4,0,3187.86,100.0,0.0,75.0,DEVELOPING (1-3yr),GEN_X,HIGH_NET_WORTH,,N,N,N,SEG_V3.2,2026-04-10,2026-04-10 11:28:08.670237
447,ENGAGED_MAINSTREAM,0,0,12002.68,100.0,0.0,50.0,LOYAL (7yr+),MILLENNIAL,AFFLUENT,,N,N,N,SEG_V3.2,2026-04-10,2026-04-10 11:28:08.670237
448,VALUE_BASIC,3,0,1192.52,100.0,0.0,50.0,DEVELOPING (1-3yr),SILENT,MODERATE,,N,Y,N,SEG_V3.2,2026-04-10,2026-04-10 11:28:08.670237
449,CREDIT_DEPENDENT,1,0,4120.21,100.0,0.0,25.0,LOYAL (7yr+),GEN_X,MODERATE,,Y,Y,N,SEG_V3.2,2026-04-10,2026-04-10 11:28:08.670237
450,PREMIUM_WEALTH,4,0,7960.39,75.0,0.0,100.0,ESTABLISHED (3-7yr),MILLENNIAL,HIGH_NET_WORTH,,N,N,N,SEG_V3.2,2026-04-10,2026-04-10 11:28:08.670237
453,CREDIT_DEPENDENT,1,0,7811.5,100.0,0.0,50.0,LOYAL (7yr+),GEN_X,AFFLUENT,,N,N,N,SEG_V3.2,2026-04-10,2026-04-10 11:28:08.670237
454,PREMIUM_WEALTH,4,0,7765.01,66.67,0.0,75.0,LOYAL (7yr+),GEN_Z,AFFLUENT,,N,N,N,SEG_V3.2,2026-04-10,2026-04-10 11:28:08.670237
456,CREDIT_DEPENDENT,1,0,7570.28,100.0,0.0,50.0,LOYAL (7yr+),GEN_X,AFFLUENT,,N,N,N,SEG_V3.2,2026-04-10,2026-04-10 11:28:08.670237
459,ENGAGED_MAINSTREAM,0,0,18073.31,100.0,0.0,75.0,LOYAL (7yr+),BOOMER,AFFLUENT,,N,N,N,SEG_V3.2,2026-04-10,2026-04-10 11:28:08.670237
460,CREDIT_DEPENDENT,1,0,4591.68,100.0,0.0,50.0,LOYAL (7yr+),GEN_Z,MODERATE,,N,Y,N,SEG_V3.2,2026-04-10,2026-04-10 11:28:08.670237
461,VALUE_BASIC,3,0,2126.94,100.0,0.0,50.0,ESTABLISHED (3-7yr),BOOMER,AFFLUENT,,N,N,N,SEG_V3.2,2026-04-10,2026-04-10 11:28:08.670237
462,GROWING_DIGITAL,2,0,3757.79,50.0,0.0,50.0,LOYAL (7yr+),MILLENNIAL,MODERATE,,N,Y,N,SEG_V3.2,2026-04-10,2026-04-10 11:28:08.670237
463,ENGAGED_MAINSTREAM,0,0,16069.15,75.0,0.0,100.0,LOYAL (7yr+),BOOMER,MODERATE,,N,Y,N,SEG_V3.2,2026-04-10,2026-04-10 11:28:08.670237
464,CREDIT_DEPENDENT,1,0,2616.61,100.0,0.0,50.0,ESTABLISHED (3-7yr),GEN_X,AFFLUENT,,N,N,N,SEG_V3.2,2026-04-10,2026-04-10 11:28:08.670237
465,GROWING_DIGITAL,2,0,9816.8,50.0,0.0,50.0,LOYAL (7yr+),GEN_Z,MODERATE,,N,Y,N,SEG_V3.2,2026-04-10,2026-04-10 11:28:08.670237
466,ENGAGED_MAINSTREAM,0,0,11403.61,66.67,0.0,75.0,LOYAL (7yr+),SILENT,AFFLUENT,,N,N,N,SEG_V3.2,2026-04-10,2026-04-10 11:28:08.670237
467,CREDIT_DEPENDENT,1,0,6863.89,100.0,0.0,50.0,LOYAL (7yr+),MILLENNIAL,AFFLUENT,,N,N,N,SEG_V3.2,2026-04-10,2026-04-10 11:28:08.670237
468,VALUE_BASIC,3,0,2647.06,100.0,0.0,50.0,ESTABLISHED (3-7yr),BOOMER,LOW,,N,N,N,SEG_V3.2,2026-04-10,2026-04-10 11:28:08.670237
469,CREDIT_DEPENDENT,1,0,15522.79,66.67,0.0,75.0,LOYAL (7yr+),MILLENNIAL,AFFLUENT,,N,N,N,SEG_V3.2,2026-04-10,2026-04-10 11:28:08.670237
470,PREMIUM_WEALTH,4,0,1096.91,100.0,0.0,100.0,NEW (<1yr),SILENT,AFFLUENT,,N,N,N,SEG_V3.2,2026-04-10,2026-04-10 11:28:08.670237
472,GROWING_DIGITAL,2,0,4432.3,50.0,0.0,50.0,LOYAL (7yr+),BOOMER,MODERATE,,N,Y,N,SEG_V3.2,2026-04-10,2026-04-10 11:28:08.670237
473,PREMIUM_WEALTH,4,0,10945.92,100.0,0.0,100.0,LOYAL (7yr+),GEN_X,AFFLUENT,,N,N,N,SEG_V3.2,2026-04-10,2026-04-10 11:28:08.670237
474,GROWING_DIGITAL,2,0,8937.56,33.33,0.0,75.0,LOYAL (7yr+),GEN_X,AFFLUENT,,N,N,Y,SEG_V3.2,2026-04-10,2026-04-10 11:28:08.670237
475,PREMIUM_WEALTH,4,0,1735.92,100.0,0.0,50.0,DEVELOPING (1-3yr),BOOMER,AFFLUENT,,N,N,N,SEG_V3.2,2026-04-10,2026-04-10 11:28:08.670237
476,PREMIUM_WEALTH,4,0,6459.59,75.0,0.0,100.0,ESTABLISHED (3-7yr),BOOMER,HIGH_NET_WORTH,,N,N,N,SEG_V3.2,2026-04-10,2026-04-10 11:28:08.670237
477,VALUE_BASIC,3,0,1366.97,66.67,0.0,75.0,DEVELOPING (1-3yr),BOOMER,MODERATE,,N,Y,N,SEG_V3.2,2026-04-10,2026-04-10 11:28:08.670237
478,PREMIUM_WEALTH,4,0,13981.25,75.0,0.0,100.0,LOYAL (7yr+),GEN_Z,AFFLUENT,,N,N,N,SEG_V3.2,2026-04-10,2026-04-10 11:28:08.670237
479,PREMIUM_WEALTH,4,0,6929.27,100.0,0.0,75.0,LOYAL (7yr+),BOOMER,AFFLUENT,,N,N,N,SEG_V3.2,2026-04-10,2026-04-10 11:28:08.670237
480,ENGAGED_MAINSTREAM,0,0,9318.35,66.67,0.0,75.0,LOYAL (7yr+),MILLENNIAL,MODERATE,,N,Y,N,SEG_V3.2,2026-04-10,2026-04-10 11:28:08.670237
481,ENGAGED_MAINSTREAM,0,0,11965.83,66.67,0.0,75.0,LOYAL (7yr+),MILLENNIAL,AFFLUENT,,N,N,N,SEG_V3.2,2026-04-10,2026-04-10 11:28:08.670237
483,PREMIUM_WEALTH,4,0,18848.69,75.0,0.0,100.0,LOYAL (7yr+),MILLENNIAL,HIGH_NET_WORTH,,N,N,N,SEG_V3.2,2026-04-10,2026-04-10 11:28:08.670237
484,VALUE_BASIC,3,0,7537.7,100.0,0.0,50.0,LOYAL (7yr+),BOOMER,AFFLUENT,,N,N,N,SEG_V3.2,2026-04-10,2026-04-10 11:28:08.670237
485,GROWING_DIGITAL,2,0,12360.54,66.67,0.0,75.0,LOYAL (7yr+),GEN_X,HIGH_NET_WORTH,,N,N,N,SEG_V3.2,2026-04-10,2026-04-10 11:28:08.670237
486,GROWING_DIGITAL,2,0,7145.76,50.0,0.0,50.0,LOYAL (7yr+),MILLENNIAL,MODERATE,,N,Y,N,SEG_V3.2,2026-04-10,2026-04-10 11:28:08.670237
487,ENGAGED_MAINSTREAM,0,0,12012.25,100.0,0.0,75.0,LOYAL (7yr+),MILLENNIAL,AFFLUENT,,N,N,N,SEG_V3.2,2026-04-10,2026-04-10 11:28:08.670237
488,PREMIUM_WEALTH,4,0,9013.06,75.0,0.0,100.0,ESTABLISHED (3-7yr),GEN_X,HIGH_NET_WORTH,,N,N,N,SEG_V3.2,2026-04-10,2026-04-10 11:28:08.670237
489,PREMIUM_WEALTH,4,0,4754.17,100.0,0.0,75.0,ESTABLISHED (3-7yr),BOOMER,AFFLUENT,,N,N,N,SEG_V3.2,2026-04-10,2026-04-10 11:28:08.670237
490,VALUE_BASIC,3,0,5724.1,100.0,0.0,50.0,LOYAL (7yr+),BOOMER,LOW,,N,N,N,SEG_V3.2,2026-04-10,2026-04-10 11:28:08.670237
491,VALUE_BASIC,3,0,3737.2,100.0,0.0,50.0,ESTABLISHED (3-7yr),SILENT,MODERATE,,N,Y,N,SEG_V3.2,2026-04-10,2026-04-10 11:28:08.670237
492,ENGAGED_MAINSTREAM,0,0,9686.17,66.67,0.0,75.0,LOYAL (7yr+),BOOMER,AFFLUENT,,N,N,N,SEG_V3.2,2026-04-10,2026-04-10 11:28:08.670237
494,PREMIUM_WEALTH,4,0,12950.93,100.0,0.0,100.0,LOYAL (7yr+),BOOMER,HIGH_NET_WORTH,,N,N,N,SEG_V3.2,2026-04-10,2026-04-10 11:28:08.670237
495,CREDIT_DEPENDENT,1,0,2199.53,100.0,0.0,25.0,LOYAL (7yr+),MILLENNIAL,LOW,,Y,N,N,SEG_V3.2,2026-04-10,2026-04-10 11:28:08.670237
496,GROWING_DIGITAL,2,0,9313.13,50.0,0.0,50.0,LOYAL (7yr+),GEN_X,HIGH_NET_WORTH,,N,N,N,SEG_V3.2,2026-04-10,2026-04-10 11:28:08.670237
499,ENGAGED_MAINSTREAM,0,0,12675.61,100.0,0.0,50.0,LOYAL (7yr+),SILENT,AFFLUENT,,N,N,N,SEG_V3.2,2026-04-10,2026-04-10 11:28:08.670237
