customer_id,first_name,last_name,date_of_birth,age,customer_since,tenure_months,customer_status,segment_code,branch_id,primary_address,city,state_code,zip_code,num_accounts,num_active_accounts,has_checking,has_savings,has_credit,has_loan,total_balance,total_credit_limit,credit_utilization_pct,load_ts
1,Danielle,Dean,2002-04-24,24,2023-12-06,28,I,DIGITAL,411,6957 Tina Land,East David,NC,76035,3,3.0,Y,Y,N,Y,7707.25,0.0,0.0,2026-04-10 11:28:08.493243+02:00
2,Angel,Johnson,1956-06-19,70,2013-03-20,157,A,PREMIER,368,9974 Tammy Vista,Danielchester,TX,21781,2,2.0,Y,N,N,Y,17603.62,0.0,0.0,2026-04-10 11:28:08.493243+02:00
3,Joshua,Long,1964-06-17,62,2007-01-12,231,A,DIGITAL,471,"266 Brent Isle, Apt 271",Port Patriciamouth,FL,61267,4,4.0,Y,Y,Y,Y,2336.95,746.63,21.28,2026-04-10 11:28:08.493243+02:00
4,Jeffrey,Elliott,1978-11-26,48,2008-12-04,208,A,PREMIER,484,"2969 Casey Track, Apt 170",New Savannahshire,OH,64419,3,2.0,N,Y,Y,Y,13991.89,8492.17,60.48,2026-04-10 11:28:08.493243+02:00
5,Jill,Johnson,1979-04-18,47,2020-09-26,67,A,PREMIER,381,"2729 Mark Drive, Apt 184",Lake Lisa,GA,90910,3,2.0,N,Y,Y,Y,68760.83,69846.45,45.14,2026-04-10 11:28:08.493243+02:00
6,Erica,Day,1950-10-19,76,2017-02-27,110,A,PREMIER,248,3063 Amber Union,Barnesbury,TX,39665,4,3.0,Y,Y,Y,Y,38536.78,127302.51,28.0,2026-04-10 11:28:08.493243+02:00
7,Patricia,Taylor,2002-07-14,24,2015-08-16,128,A,STANDARD,339,1316 David Knolls,Shawnberg,CA,31204,2,2.0,Y,N,N,Y,36930.93,0.0,0.0,2026-04-10 11:28:08.493243+02:00
8,Christopher,Murray,1961-08-05,65,2021-04-05,60,A,DIGITAL,270,"9126 Joseph Crossroad, Apt 252",Meganside,NY,71224,2,2.0,N,Y,Y,N,95899.74,2826.98,27.71,2026-04-10 11:28:08.493243+02:00
9,Robert,Williams,1994-10-19,32,2020-11-04,65,A,STANDARD,351,"3580 Thomas Tunnel, Apt 66",East Jason,TX,70477,2,2.0,Y,N,N,Y,49334.34,0.0,0.0,2026-04-10 11:28:08.493243+02:00
10,Anthony,Gray,2001-12-24,25,2021-06-25,58,A,PREMIER,424,"7137 Gordon Ridges, Apt 266",New Amy,OH,37754,2,2.0,N,Y,N,Y,187912.02,0.0,0.0,2026-04-10 11:28:08.493243+02:00
11,Jeffery,Lewis,1973-01-13,53,2006-05-25,239,A,PREMIER,247,"9903 Ellis Burgs, Apt 166",Aguilarchester,CA,73415,2,2.0,N,Y,Y,N,11751.73,49742.27,20.98,2026-04-10 11:28:08.493243+02:00
12,William,Murphy,1942-12-19,84,2011-05-06,179,A,BASIC,302,5431 Simmons Coves,New Danielfurt,FL,75705,2,1.0,Y,N,N,Y,22412.26,0.0,0.0,2026-04-10 11:28:08.493243+02:00
13,Anthony,Juarez,1959-01-10,67,2009-06-15,202,A,BASIC,118,8023 Rachel Islands,West Karen,PA,68817,3,3.0,N,Y,Y,Y,5402.08,299.1,32.5,2026-04-10 11:28:08.493243+02:00
14,James,Gray,1957-04-29,69,2009-12-09,196,I,DIGITAL,394,286 James Ranch,Port Bryan,TX,42243,4,3.0,Y,Y,Y,Y,10508.11,582.9,21.24,2026-04-10 11:28:08.493243+02:00
15,Debra,Walton,1960-04-01,66,2007-02-07,230,A,PREMIER,295,"4492 Garcia Squares, Apt 72",West Lisaville,MI,28976,4,4.0,Y,Y,Y,Y,20616.91,8907.52,26.28,2026-04-10 11:28:08.493243+02:00
16,Amy,Decker,1955-08-28,71,2024-02-05,26,A,BASIC,283,"398 Russell Forks, Apt 206",Youngport,MI,69958,2,2.0,Y,Y,N,N,3320.22,0.0,0.0,2026-04-10 11:28:08.493243+02:00
17,Jeffrey,King,1973-12-04,53,2008-08-23,212,A,DIGITAL,312,"7071 Perry Court, Apt 213",North Juliaborough,FL,87852,1,1.0,N,N,N,Y,6324.25,0.0,0.0,2026-04-10 11:28:08.493243+02:00
18,Bridget,Miller,1999-09-16,27,2024-11-13,17,A,STANDARD,186,"395 Brooks Drives, Apt 242",Port Jenny,IL,63430,3,2.0,Y,N,Y,Y,8700.31,8710.45,46.03,2026-04-10 11:28:08.493243+02:00
19,Lisa,Smith,1952-01-23,74,2016-09-23,115,A,PREMIER,339,"901 Christopher Court, Apt 254",East Sydneyhaven,OH,42510,1,1.0,Y,N,N,N,14817.91,0.0,0.0,2026-04-10 11:28:08.493243+02:00
20,Adam,Ryan,1978-02-17,48,2014-05-12,143,A,BASIC,398,"8356 Brenda Points, Apt 226",Davidshire,TX,99919,2,2.0,N,Y,N,Y,18854.43,0.0,0.0,2026-04-10 11:28:08.493243+02:00
21,Linda,Cooke,1974-10-14,52,2019-01-26,87,A,STANDARD,239,6021 Russo Terrace,North Eric,CA,90599,2,1.0,N,Y,Y,N,7258.53,653.51,63.73,2026-04-10 11:28:08.493243+02:00
22,Helen,Bell,1983-06-18,43,2023-04-14,36,A,PREMIER,152,9272 Tanya Rapid,Tylerside,OH,18415,4,4.0,Y,Y,Y,Y,2686.17,3341.4,53.81,2026-04-10 11:28:08.493243+02:00
23,Matthew,Santos,1996-01-24,30,2022-05-13,47,A,PREFERRED,254,4517 Eric Orchard,East Abigail,PA,93082,1,1.0,Y,N,N,N,582.26,0.0,0.0,2026-04-10 11:28:08.493243+02:00
24,Eric,Harrington,1946-03-27,80,2009-10-11,198,A,STANDARD,179,"5948 Wilson Harbors, Apt 239",Davisbury,MI,11725,4,3.0,Y,Y,Y,Y,30007.15,34318.9,32.13,2026-04-10 11:28:08.493243+02:00
25,Susan,Pearson,1955-12-16,71,2019-11-06,77,A,PREMIER,249,5294 Chelsea Shoals,Kellyhaven,GA,16848,2,2.0,Y,Y,N,N,651.57,0.0,0.0,2026-04-10 11:28:08.493243+02:00
26,Matthew,Webster,1965-03-06,61,2020-01-06,75,A,PREFERRED,350,"544 Dorsey Keys, Apt 126",Lake Michaelbury,PA,94342,3,3.0,Y,N,Y,Y,2825.45,2857.53,22.79,2026-04-10 11:28:08.493243+02:00
27,Christopher,Herring,1981-05-05,45,2007-10-25,222,A,STANDARD,145,1080 Jones Streets,Patrickville,OH,20084,3,3.0,Y,N,Y,Y,4805.88,94.98,45.47,2026-04-10 11:28:08.493243+02:00
29,Melanie,Smith,1971-10-08,55,2007-12-23,220,A,PREMIER,189,"1641 Frank Port, Apt 12",West Willie,OH,90897,3,2.0,Y,Y,N,Y,11954.67,0.0,0.0,2026-04-10 11:28:08.493243+02:00
30,Cassandra,Hernandez,1978-08-07,48,2007-11-11,221,A,STANDARD,457,"7529 Karen Causeway, Apt 183",Lake Cameronborough,OH,68184,2,0.0,Y,Y,N,N,12762.32,0.0,0.0,2026-04-10 11:28:08.493243+02:00
31,Lindsay,Martinez,1978-02-16,48,2014-04-12,144,A,BASIC,392,"4934 Tucker Mills, Apt 278",Lucasland,MI,48139,1,1.0,Y,N,N,N,1145.2,0.0,0.0,2026-04-10 11:28:08.493243+02:00
32,Jessica,Caldwell,1993-01-26,33,2022-11-24,41,A,BASIC,209,303 Michael Creek,Benjaminland,FL,50347,3,3.0,Y,N,Y,Y,3222.68,5714.47,23.73,2026-04-10 11:28:08.493243+02:00
33,Amanda,Elliott,2002-02-12,24,2023-02-02,38,A,BASIC,325,"8979 Rose Inlet, Apt 39",New Lorraineview,PA,89576,1,1.0,N,Y,N,N,57.14,0.0,0.0,2026-04-10 11:28:08.493243+02:00
34,Teresa,Robinson,1971-02-26,55,2020-07-11,69,A,PREMIER,144,7074 Adrian Hollow,Stewartfurt,CA,88182,4,4.0,Y,Y,Y,Y,5173.88,6164.43,33.36,2026-04-10 11:28:08.493243+02:00
36,Andrea,Wang,2004-01-06,22,2023-02-19,38,I,BASIC,482,6946 David Place,West Kathymouth,CA,45895,2,2.0,N,N,Y,Y,18404.9,1052.24,23.66,2026-04-10 11:28:08.493243+02:00
37,Maria,Jackson,1950-10-27,76,2017-02-14,110,A,PREFERRED,420,4998 Jones Wall,Moorebury,NY,65442,2,2.0,N,Y,N,Y,27410.34,0.0,0.0,2026-04-10 11:28:08.493243+02:00
38,Christine,Lawson,1952-11-15,74,2023-11-23,29,A,STANDARD,161,7141 Michelle Ports,Susanberg,IL,39461,3,3.0,Y,N,Y,Y,14012.81,13753.63,46.28,2026-04-10 11:28:08.493243+02:00
40,Barbara,Wilson,1965-12-29,61,2025-10-09,6,A,STANDARD,179,2823 Collier Lake,West Jasonstad,CA,78859,3,3.0,N,Y,Y,Y,25836.18,15845.37,24.63,2026-04-10 11:28:08.493243+02:00
41,Janet,Weiss,1997-03-23,29,2012-01-30,171,A,PREFERRED,258,"2021 Ryan Locks, Apt 130",East Jack,IL,78886,1,1.0,Y,N,N,N,25465.17,0.0,0.0,2026-04-10 11:28:08.493243+02:00
42,Brandon,Oconnell,1957-07-12,69,2025-02-02,14,I,BASIC,216,1732 Walker Tunnel,Port Karenside,NC,99802,2,2.0,Y,N,Y,N,170417.22,430.58,32.68,2026-04-10 11:28:08.493243+02:00
43,Jeremy,Rodriguez,1961-05-20,65,2022-04-25,48,A,BASIC,231,"5908 Alyssa Fields, Apt 124",Emilyview,PA,88072,2,2.0,Y,N,N,Y,5830.17,0.0,0.0,2026-04-10 11:28:08.493243+02:00
44,Keith,Johnson,1984-07-20,42,2022-09-19,43,A,PREFERRED,311,"2224 Joel Drive, Apt 139",Michaelbury,GA,29078,3,2.0,Y,N,Y,Y,6885.12,8644.89,32.49,2026-04-10 11:28:08.493243+02:00
45,Christopher,Collins,2003-09-28,23,2009-08-26,200,A,BASIC,175,"6103 Kathleen Shoal, Apt 198",Toddmouth,NC,77121,1,1.0,N,N,N,Y,2952.31,0.0,0.0,2026-04-10 11:28:08.493243+02:00
47,Craig,Rubio,1978-06-12,48,2017-08-25,104,A,DIGITAL,391,820 Lin Road,Lake Jodi,NY,11461,4,3.0,Y,Y,Y,Y,98016.43,2070.32,37.81,2026-04-10 11:28:08.493243+02:00
48,Joshua,Sanders,1948-06-27,78,2014-06-05,142,A,STANDARD,404,6205 Ramos Hollow,Lake Jessica,OH,99671,3,3.0,Y,Y,Y,N,7449.17,290.77,30.16,2026-04-10 11:28:08.493243+02:00
49,Cynthia,Espinoza,1962-11-24,64,2015-12-03,124,A,STANDARD,167,8999 Lance Mission,Tonyville,NC,12151,2,2.0,N,Y,Y,N,19383.16,1222.85,27.82,2026-04-10 11:28:08.493243+02:00
50,Michael,Jones,1956-03-03,70,2012-08-23,164,A,PREMIER,383,"9559 Jones Way, Apt 68",Micheleberg,GA,29719,3,2.0,Y,Y,N,Y,26035.7,0.0,0.0,2026-04-10 11:28:08.493243+02:00
51,Mitchell,Vaughn,1957-05-29,69,2010-03-17,193,A,DIGITAL,434,9881 Ford Plaza,Lake Charlestown,TX,18150,1,1.0,N,Y,N,N,339.32,0.0,0.0,2026-04-10 11:28:08.493243+02:00
52,Jason,Burton,1995-04-04,31,2018-05-11,95,A,PREFERRED,170,3199 Marc Mountains,North Andrea,OH,50136,2,1.0,Y,N,Y,N,18468.78,18515.76,30.73,2026-04-10 11:28:08.493243+02:00
53,Joseph,Garcia,1983-12-03,43,2009-09-15,199,A,PREFERRED,400,2187 Lisa Villages,Philipshire,NY,70581,4,3.0,Y,Y,Y,Y,42685.72,162844.83,23.42,2026-04-10 11:28:08.493243+02:00
54,Sharon,Barton,1977-01-14,49,2019-11-12,77,I,PREMIER,243,2476 Benjamin Station,South Michaeltown,MI,79439,2,0.0,Y,N,Y,N,64847.89,99205.62,57.62,2026-04-10 11:28:08.493243+02:00
55,Deborah,Jefferson,1974-12-16,52,2006-08-07,236,A,BASIC,415,8735 Michael Haven,Port Willie,IL,80852,3,2.0,N,Y,Y,Y,4225.58,9371.12,32.88,2026-04-10 11:28:08.493243+02:00
56,Chelsea,Burke,2005-05-09,21,2016-02-25,122,A,PREMIER,291,1014 Kristina Rue,Lake Jessica,FL,10714,3,3.0,Y,Y,N,Y,24028.1,0.0,0.0,2026-04-10 11:28:08.493243+02:00
57,George,Martinez,1971-09-10,55,2011-07-18,177,A,DIGITAL,420,7885 Mitchell Stream,North Joseph,PA,51300,2,2.0,Y,N,Y,N,3312.64,1102.68,23.31,2026-04-10 11:28:08.493243+02:00
58,Jessica,Riggs,1997-12-15,29,2008-10-10,210,A,BASIC,158,5645 Sabrina Inlet,Paulmouth,CA,81491,1,1.0,N,N,Y,N,1320.0,6061.22,21.78,2026-04-10 11:28:08.493243+02:00
59,Frank,Patton,1958-07-07,68,2010-06-01,190,A,PREMIER,255,"2998 Kyle Lane, Apt 119",Lake Tanyaview,GA,87415,2,2.0,N,Y,N,Y,10905.62,0.0,0.0,2026-04-10 11:28:08.493243+02:00
60,Noah,Reed,1962-07-22,64,2009-04-02,204,A,STANDARD,209,6366 Debbie Manors,South Desiree,IL,44638,2,2.0,Y,N,N,Y,16188.97,0.0,0.0,2026-04-10 11:28:08.493243+02:00
61,Veronica,Patterson,1946-07-09,80,2015-07-07,129,I,STANDARD,199,"6215 Stephanie Junctions, Apt 193",Nicholasbury,NY,21168,2,2.0,N,N,Y,Y,88053.23,8072.04,48.14,2026-04-10 11:28:08.493243+02:00
62,Danielle,Wood,1958-06-03,68,2025-04-29,12,A,PREFERRED,223,8282 Chris Vista,Sparkstown,NY,77666,2,2.0,N,N,Y,Y,6312.55,4745.12,45.8,2026-04-10 11:28:08.493243+02:00
63,Angela,Hunter,1983-09-27,43,2016-05-18,119,A,DIGITAL,252,"3982 Ebony Wells, Apt 61",New Dawnborough,MI,80025,4,4.0,Y,Y,Y,Y,42672.57,14206.1,58.09,2026-04-10 11:28:08.493243+02:00
64,Gabrielle,Peterson,1943-07-05,83,2022-07-31,45,A,STANDARD,150,129 Henry Square,Lake Jerrymouth,TX,87326,4,3.0,Y,Y,Y,Y,15176.87,19580.43,21.4,2026-04-10 11:28:08.493243+02:00
65,Megan,Atkinson,1980-10-11,46,2008-06-30,214,A,STANDARD,382,"7644 Diaz Stravenue, Apt 45",New Evan,PA,97709,4,3.0,Y,Y,Y,Y,98274.46,14167.28,25.77,2026-04-10 11:28:08.493243+02:00
66,Kimberly,Short,1986-06-21,40,2021-06-24,58,A,STANDARD,320,"1563 Goodwin Tunnel, Apt 90",New Brittany,IL,63206,1,1.0,N,N,N,Y,2405.66,0.0,0.0,2026-04-10 11:28:08.493243+02:00
67,Jeremy,Garcia,1947-08-29,79,2021-08-26,56,A,BASIC,431,"2819 Sheppard Tunnel, Apt 290",North Gabriel,NY,30600,3,3.0,Y,N,Y,Y,159242.46,181.94,56.18,2026-04-10 11:28:08.493243+02:00
68,Antonio,Yu,1983-06-26,43,2021-03-24,61,I,DIGITAL,382,"1101 Gregory Ports, Apt 261",Lake Jessicaport,OH,68152,3,2.0,Y,Y,N,Y,107251.27,0.0,0.0,2026-04-10 11:28:08.493243+02:00
69,Leslie,Reid,2003-03-06,23,2013-05-27,155,A,PREFERRED,159,"8261 Shaw Manor, Apt 45",Jacksonchester,NC,87825,2,1.0,Y,N,Y,N,4252.34,14136.76,23.04,2026-04-10 11:28:08.493243+02:00
70,Joseph,Poole,1976-11-06,50,2014-10-28,138,A,BASIC,127,6192 Monique Center,New Donna,MI,65550,3,2.0,Y,Y,Y,N,35457.14,76858.89,28.78,2026-04-10 11:28:08.493243+02:00
71,Jason,Zimmerman,1955-01-05,71,2007-04-22,228,A,BASIC,269,"8441 Jennifer Path, Apt 263",Carlsonland,FL,98226,3,3.0,N,Y,Y,Y,16826.28,44478.06,36.66,2026-04-10 11:28:08.493243+02:00
72,Sherri,Graham,1995-08-08,31,2017-11-27,101,A,BASIC,292,"9533 Joshua Passage, Apt 166",North Jameshaven,NC,76023,2,1.0,Y,Y,N,N,164397.56,0.0,0.0,2026-04-10 11:28:08.493243+02:00
73,Nancy,Gross,1977-04-16,49,2020-07-28,69,A,DIGITAL,196,"363 Lisa Keys, Apt 3",South Rachel,MI,58908,2,1.0,Y,Y,N,N,3178.67,0.0,0.0,2026-04-10 11:28:08.493243+02:00
74,Leonard,Sheppard,1999-08-03,27,2025-03-18,13,A,PREFERRED,412,7483 Young Common,South Donnaside,IL,96268,3,2.0,Y,Y,N,Y,527294.29,0.0,0.0,2026-04-10 11:28:08.493243+02:00
75,Diana,Nelson,1962-04-29,64,2026-01-19,3,A,DIGITAL,332,3000 Mary Run,Woodton,IL,93451,2,1.0,N,Y,Y,N,1723358.41,259.37,37.56,2026-04-10 11:28:08.493243+02:00
76,Randall,Morton,1976-06-08,50,2018-10-03,90,A,PREFERRED,399,4033 Justin Village,Bellshire,GA,46959,1,1.0,N,N,Y,N,46234.85,116186.17,39.79,2026-04-10 11:28:08.493243+02:00
77,Robin,Medina,1986-03-07,40,2007-10-07,222,A,PREFERRED,143,3380 West Avenue,Port Christopher,NY,12742,2,2.0,Y,N,N,Y,39845.8,0.0,0.0,2026-04-10 11:28:08.493243+02:00
78,Stephen,Webb,1993-02-03,33,2015-10-08,126,A,STANDARD,426,1310 Ana Stream,New Alexandrahaven,IL,14256,4,4.0,Y,Y,Y,Y,17861.66,11642.13,55.65,2026-04-10 11:28:08.493243+02:00
79,Joseph,Graham,1970-06-29,56,2008-05-28,215,A,BASIC,182,1417 Kevin Causeway,Coxberg,OH,97004,1,1.0,N,N,N,Y,81144.25,0.0,0.0,2026-04-10 11:28:08.493243+02:00
80,John,Simon,1963-06-10,63,2024-03-02,25,A,STANDARD,279,4262 Brown Villages,Melissachester,OH,85593,3,2.0,Y,Y,N,Y,482140.11,0.0,0.0,2026-04-10 11:28:08.493243+02:00
81,Anna,Adams,1945-04-30,81,2024-05-02,23,I,PREFERRED,275,8337 Jennifer Highway,South Andrea,OH,99450,1,1.0,Y,N,N,N,8707.9,0.0,0.0,2026-04-10 11:28:08.493243+02:00
82,Jose,Christian,1979-01-07,47,2009-08-08,200,A,STANDARD,428,1636 Ashley Ferry,Kingport,FL,70699,3,3.0,N,Y,Y,Y,31254.21,73044.49,38.71,2026-04-10 11:28:08.493243+02:00
83,Brenda,Rivas,1997-07-12,29,2024-01-25,27,A,PREFERRED,210,3194 Stephanie Plains,Port Michelle,TX,67562,3,3.0,Y,Y,N,Y,147323.99,0.0,0.0,2026-04-10 11:28:08.493243+02:00
84,Rachael,Miller,1952-07-14,74,2025-02-27,14,A,DIGITAL,196,"3139 Cynthia Landing, Apt 195",East Williammouth,GA,65028,3,2.0,Y,Y,Y,N,9451.95,426.93,48.91,2026-04-10 11:28:08.493243+02:00
85,Reginald,Keith,1966-02-14,60,2018-02-24,98,A,PREFERRED,235,"7385 Michael Street, Apt 262",Port Dustinchester,NY,87159,2,2.0,Y,Y,N,N,2838.32,0.0,0.0,2026-04-10 11:28:08.493243+02:00
86,Jeffrey,Sanchez,1961-05-27,65,2007-10-14,222,A,STANDARD,244,"1048 Anderson Knoll, Apt 238",New Benjaminfurt,NC,55161,2,2.0,Y,Y,N,N,62320.78,0.0,0.0,2026-04-10 11:28:08.493243+02:00
87,Whitney,Marshall,2001-10-11,25,2012-06-21,166,A,PREFERRED,172,2183 Pollard Neck,Jenniferton,CA,20297,2,2.0,Y,Y,N,N,3410.32,0.0,0.0,2026-04-10 11:28:08.493243+02:00
88,William,Bishop,1987-05-17,39,2024-03-21,25,A,PREFERRED,170,8340 Johnson Flats,East Melissahaven,OH,11838,3,2.0,N,Y,Y,Y,47590.23,2005.89,58.37,2026-04-10 11:28:08.493243+02:00
89,Christopher,Gray,1956-11-16,70,2009-07-13,201,A,BASIC,192,"5599 Mahoney Passage, Apt 197",New Gavin,NC,47696,1,0.0,N,N,Y,N,27477.57,120393.59,22.82,2026-04-10 11:28:08.493243+02:00
90,Brandon,Johnson,1952-07-25,74,2009-05-27,203,A,PREFERRED,286,6568 King Terrace,North Wendy,PA,73200,4,3.0,Y,Y,Y,Y,291439.47,150225.64,21.31,2026-04-10 11:28:08.493243+02:00
91,Daniel,Rosales,1979-02-23,47,2010-04-03,192,I,PREMIER,237,3315 Michelle Isle,Willishaven,CA,19006,2,2.0,Y,Y,N,N,5459.09,0.0,0.0,2026-04-10 11:28:08.493243+02:00
92,Courtney,White,1954-05-28,72,2008-03-23,217,A,PREFERRED,256,7004 Preston Summit,Jessicaside,NC,92884,2,2.0,N,Y,Y,N,16974.32,8818.04,50.77,2026-04-10 11:28:08.493243+02:00
93,Laura,Lewis,1951-12-07,75,2021-06-02,58,I,STANDARD,387,5217 Beltran Parks,New Sylvia,PA,26865,4,3.0,Y,Y,Y,Y,12547.79,8341.97,22.0,2026-04-10 11:28:08.493243+02:00
94,Robert,Salinas,1982-05-06,44,2006-09-11,235,A,PREMIER,196,"9487 Owen Stream, Apt 290",West Gregoryhaven,OH,47229,1,1.0,N,Y,N,N,316.36,0.0,0.0,2026-04-10 11:28:08.493243+02:00
95,Bryan,Peterson,1948-02-27,78,2019-10-23,78,A,PREFERRED,463,"178 Amy Islands, Apt 280",Staceyhaven,OH,71533,1,1.0,N,N,Y,N,153.37,493.95,31.05,2026-04-10 11:28:08.493243+02:00
96,Patrick,Beard,1988-12-24,38,2010-03-25,193,A,PREMIER,400,"115 Parker Rapids, Apt 204",Heatherfurt,GA,22995,3,3.0,Y,N,Y,Y,1831078.11,8942225.52,20.39,2026-04-10 11:28:08.493243+02:00
97,Wendy,Haynes,1992-03-31,34,2014-08-30,140,I,STANDARD,169,"9904 West Stream, Apt 53",Maldonadoshire,PA,57208,2,2.0,N,N,Y,Y,74908.61,201760.92,35.88,2026-04-10 11:28:08.493243+02:00
98,Allison,Hill,1962-08-04,64,2010-09-05,187,I,DIGITAL,225,7103 Fowler Turnpike,Schultzbury,OH,73454,2,2.0,Y,N,N,Y,4047.18,0.0,0.0,2026-04-10 11:28:08.493243+02:00
99,Tasha,Smith,1965-08-26,61,2013-09-11,151,A,BASIC,173,845 Cox Unions,Zacharytown,FL,28534,1,1.0,N,Y,N,N,59685.27,0.0,0.0,2026-04-10 11:28:08.493243+02:00
100,Michelle,Vaughan,1998-12-06,28,2013-05-28,155,A,PREFERRED,209,3077 Johnson Cliff,Nunezmouth,FL,21360,1,1.0,N,N,Y,N,9289.34,37509.47,24.77,2026-04-10 11:28:08.493243+02:00
101,Alexander,Miller,1952-07-13,74,2013-12-04,148,I,BASIC,246,8893 Reyes Port,Michaelshire,CA,51554,2,1.0,Y,Y,N,N,9511.34,0.0,0.0,2026-04-10 11:28:08.493243+02:00
102,Jennifer,Cortez,1994-11-26,32,2010-09-08,187,A,PREFERRED,152,"5485 Rush Landing, Apt 237",Mclaughlinbury,IL,29726,3,3.0,N,Y,Y,Y,22631.47,997.81,40.15,2026-04-10 11:28:08.493243+02:00
103,Erin,Freeman,1954-05-25,72,2011-06-26,178,A,DIGITAL,105,7375 Alyssa Locks,East Mary,TX,52853,4,4.0,Y,Y,Y,Y,35398.15,100.44,36.27,2026-04-10 11:28:08.493243+02:00
104,Amanda,Chang,2007-10-17,19,2023-07-07,33,A,STANDARD,275,4755 Anthony Ferry,North Emmafort,TX,31152,2,2.0,Y,N,N,Y,15186.01,0.0,0.0,2026-04-10 11:28:08.493243+02:00
105,Joseph,Vaughn,1954-12-08,72,2009-10-01,198,I,DIGITAL,380,"7701 Jose Green, Apt 63",Watsonmouth,IL,52598,3,3.0,Y,Y,N,Y,177233.81,0.0,0.0,2026-04-10 11:28:08.493243+02:00
106,Danielle,Brewer,1955-08-07,71,2015-07-10,129,A,DIGITAL,221,"2921 Benson Overpass, Apt 192",Travishaven,OH,41049,2,2.0,N,Y,N,Y,886.29,0.0,0.0,2026-04-10 11:28:08.493243+02:00
107,Daniel,Henry,1956-01-15,70,2019-10-06,78,A,STANDARD,444,"8875 Shannon Station, Apt 178",North Alicia,FL,23886,2,2.0,N,Y,Y,N,6345.18,907.93,32.72,2026-04-10 11:28:08.493243+02:00
108,Ryan,Mcguire,1963-10-10,63,2015-12-16,124,A,PREFERRED,247,"377 Contreras Station, Apt 197",New Michaelburgh,TX,87540,1,1.0,N,N,Y,N,3494.66,11180.81,31.26,2026-04-10 11:28:08.493243+02:00
109,Shawn,Davis,1976-09-17,50,2006-12-12,232,A,STANDARD,460,8903 York Station,Stewarttown,FL,56636,2,1.0,N,Y,N,Y,227.91,0.0,0.0,2026-04-10 11:28:08.493243+02:00
110,Stephanie,Walker,1961-01-27,65,2009-02-14,206,A,BASIC,194,4069 David Flats,West Michaelview,TX,45722,3,3.0,Y,Y,N,Y,27043.88,0.0,0.0,2026-04-10 11:28:08.493243+02:00
111,Nancy,Holt,1989-09-24,37,2009-08-07,200,A,BASIC,315,"5763 Michael Ports, Apt 228",Thomasmouth,IL,43081,2,1.0,Y,Y,N,N,44765.95,0.0,0.0,2026-04-10 11:28:08.493243+02:00
112,Jose,Torres,1956-01-06,70,2016-12-24,112,A,BASIC,405,"9454 Cheryl Corners, Apt 231",South Jaclyn,IL,68260,1,1.0,Y,N,N,N,733.29,0.0,0.0,2026-04-10 11:28:08.493243+02:00
113,Vincent,Perkins,1971-01-31,55,2010-08-02,188,I,PREMIER,123,2976 Fox Trafficway,Shannonshire,GA,99773,3,3.0,Y,Y,N,Y,171896.97,0.0,0.0,2026-04-10 11:28:08.493243+02:00
114,Guy,Kennedy,1977-07-24,49,2018-07-12,93,I,STANDARD,472,1072 Teresa Row,Lake Josephbury,GA,10860,2,1.0,N,N,Y,Y,18102.66,1656.79,21.66,2026-04-10 11:28:08.493243+02:00
115,Rita,Schmidt,1974-06-08,52,2012-07-14,165,A,PREMIER,245,1210 Anderson Village,Port Susan,IL,88851,4,3.0,Y,Y,Y,Y,161416.46,75340.82,26.63,2026-04-10 11:28:08.493243+02:00
116,Monica,Coleman,1970-03-17,56,2013-06-18,154,A,DIGITAL,299,9193 Shaw Ways,South Victor,NY,18887,2,1.0,Y,N,N,Y,6435.26,0.0,0.0,2026-04-10 11:28:08.493243+02:00
118,Danielle,Rivera,1998-12-05,28,2020-11-20,65,A,PREMIER,357,8291 Meza Path,East Lisafort,OH,98409,2,1.0,N,Y,N,Y,6398.07,0.0,0.0,2026-04-10 11:28:08.493243+02:00
119,Chelsea,Warner,1991-11-07,35,2024-12-22,16,A,DIGITAL,109,707 Cynthia Plaza,Michaelside,GA,29066,3,2.0,Y,Y,N,Y,28526.2,0.0,0.0,2026-04-10 11:28:08.493243+02:00
120,Eric,Nelson,2000-08-14,26,2023-05-30,35,A,BASIC,446,3563 Wayne Extension,West Michelleborough,NC,67024,2,2.0,N,N,Y,Y,4652.06,7777.72,51.24,2026-04-10 11:28:08.493243+02:00
121,Kathryn,King,1978-11-08,48,2017-07-24,105,A,BASIC,349,"2721 Kirby Port, Apt 212",Emilyfort,NC,92956,2,2.0,N,Y,N,Y,1713.47,0.0,0.0,2026-04-10 11:28:08.493243+02:00
123,Kimberly,Lee,1964-06-20,62,2022-11-27,41,A,PREMIER,288,"6991 Montgomery Burgs, Apt 114",Robertshire,IL,17764,2,2.0,Y,N,N,Y,5123.07,0.0,0.0,2026-04-10 11:28:08.493243+02:00
124,Alyssa,Wilson,1976-09-29,50,2017-11-23,101,A,BASIC,345,"7680 May Hollow, Apt 134",East Matthewmouth,OH,84344,3,3.0,Y,N,Y,Y,65669.77,168670.26,20.54,2026-04-10 11:28:08.493243+02:00
125,Aaron,Herrera,1951-01-14,75,2014-03-02,145,A,BASIC,276,"8661 Evans Cliffs, Apt 138",Nelsonmouth,MI,73349,2,2.0,N,Y,N,Y,6368.78,0.0,0.0,2026-04-10 11:28:08.493243+02:00
126,Mario,Gill,1970-06-11,56,2021-07-25,57,A,STANDARD,455,"502 Marshall Junctions, Apt 75",Gutierrezburgh,CA,49332,4,3.0,Y,Y,Y,Y,1484443.6,942.2,31.91,2026-04-10 11:28:08.493243+02:00
127,Andrew,Lopez,2002-12-26,24,2019-06-18,82,A,BASIC,432,"8081 Gross Wall, Apt 8",East Garrettville,NC,85781,2,1.0,N,N,Y,Y,10391.45,21074.84,49.12,2026-04-10 11:28:08.493243+02:00
128,Sarah,Robinson,1957-01-24,69,2018-11-17,89,A,PREMIER,463,2198 Robertson Coves,North Kellihaven,IL,37684,3,2.0,Y,Y,N,Y,5030.17,0.0,0.0,2026-04-10 11:28:08.493243+02:00
129,Natasha,Washington,1969-10-25,57,2016-02-21,122,A,DIGITAL,301,5785 Cole Divide,Lake Sarahfurt,IL,92528,3,2.0,N,Y,Y,Y,30970.29,318.69,27.58,2026-04-10 11:28:08.493243+02:00
130,Marie,Hardy,1965-10-15,61,2018-11-25,89,A,PREMIER,416,4574 Wright Way,Simsberg,CA,85022,2,1.0,N,Y,Y,N,167838.61,96964.94,21.69,2026-04-10 11:28:08.493243+02:00
131,Kyle,Bray,1970-06-07,56,2011-07-11,177,A,BASIC,243,9673 Lee Estate,Michellemouth,MI,63127,3,3.0,Y,Y,Y,N,5467.53,2572.62,48.51,2026-04-10 11:28:08.493243+02:00
133,Natalie,Campbell,2002-03-23,24,2017-07-22,105,A,BASIC,404,4423 Levy Forge,Millsside,FL,69642,3,2.0,Y,Y,N,Y,41763.63,0.0,0.0,2026-04-10 11:28:08.493243+02:00
134,Stacey,Garcia,1970-11-05,56,2018-08-22,92,A,STANDARD,132,"5749 Harper Ville, Apt 20",Port Christopher,NY,95144,4,4.0,Y,Y,Y,Y,32835.54,36952.01,28.13,2026-04-10 11:28:08.493243+02:00
135,Christopher,Lee,1955-01-24,71,2022-07-21,45,A,PREMIER,384,"1223 Ryan Greens, Apt 135",West Alex,TX,77029,4,4.0,Y,Y,Y,Y,41108.9,148105.67,20.81,2026-04-10 11:28:08.493243+02:00
136,Todd,Perez,1987-12-08,39,2012-07-17,165,A,PREMIER,106,"3025 Richard Port, Apt 217",Lake Sandrafort,IL,70708,4,3.0,Y,Y,Y,Y,134687.03,197807.05,66.13,2026-04-10 11:28:08.493243+02:00
137,Chad,White,1967-12-04,59,2021-07-04,57,A,PREFERRED,332,"1854 Paul Mission, Apt 101",Carlatown,NC,58784,4,4.0,Y,Y,Y,Y,78751.65,8402.32,52.62,2026-04-10 11:28:08.493243+02:00
138,Kathleen,Smith,2006-03-23,20,2020-04-13,72,A,DIGITAL,290,2768 David Court,Fosterburgh,NY,16423,2,2.0,Y,Y,N,N,128798.19,0.0,0.0,2026-04-10 11:28:08.493243+02:00
139,Katie,Ferguson,1985-01-07,41,2010-05-31,191,A,PREMIER,287,"3421 Fischer Flat, Apt 80",Christianbury,CA,48278,4,3.0,Y,Y,Y,Y,35079.33,17348.1,33.36,2026-04-10 11:28:08.493243+02:00
140,David,Hill,1979-01-18,47,2007-04-22,228,A,BASIC,297,1155 Derrick Isle,Robertland,TX,16530,1,1.0,N,Y,N,N,54969.94,0.0,0.0,2026-04-10 11:28:08.493243+02:00
141,Thomas,Mccann,1942-06-28,84,2012-11-02,161,A,PREFERRED,296,8507 Mark Ridge,Williamsonview,OH,26589,3,3.0,Y,Y,N,Y,98340.95,0.0,0.0,2026-04-10 11:28:08.493243+02:00
142,Andrea,Tran,1993-12-02,33,2007-12-15,220,I,STANDARD,262,"3497 Wheeler Parkways, Apt 228",North Tara,IL,86666,2,2.0,Y,Y,N,N,3374.71,0.0,0.0,2026-04-10 11:28:08.493243+02:00
144,Monique,Martinez,1980-12-07,46,2016-08-14,116,A,STANDARD,327,5655 Robles Stream,Robinsonchester,PA,97392,1,0.0,N,N,Y,N,816.11,1327.17,61.49,2026-04-10 11:28:08.493243+02:00
145,Rodney,Oneill,1941-10-28,85,2010-11-10,185,A,STANDARD,405,3130 Jennifer Prairie,Steventon,IL,13101,4,4.0,Y,Y,Y,Y,68020.87,14041.22,32.29,2026-04-10 11:28:08.493243+02:00
146,Jason,Henry,1951-02-24,75,2019-08-28,80,A,PREMIER,320,2051 Hernandez Springs,West Kimberlyland,TX,46323,2,2.0,N,Y,N,Y,2029.73,0.0,0.0,2026-04-10 11:28:08.493243+02:00
147,Amber,Salas,2005-12-18,21,2017-01-10,111,A,STANDARD,357,9713 James Mill,Claytonville,NY,21918,2,1.0,Y,N,N,Y,88455.47,0.0,0.0,2026-04-10 11:28:08.493243+02:00
148,Jessica,Andrews,1992-08-16,34,2015-07-15,129,I,DIGITAL,434,"4023 Robert Trail, Apt 228",Wrightton,NY,88214,2,2.0,N,Y,N,Y,4174.97,0.0,0.0,2026-04-10 11:28:08.493243+02:00
149,James,Harrison,1953-04-09,73,2007-01-28,231,I,BASIC,495,"5088 Janice Path, Apt 100",New Elizabethborough,TX,29352,3,3.0,Y,Y,Y,N,74026.44,100924.64,36.13,2026-04-10 11:28:08.493243+02:00
150,Larry,Alexander,2004-05-20,22,2009-04-20,204,I,PREFERRED,143,"3969 Fox Island, Apt 85",Ericton,FL,92418,1,1.0,N,N,N,Y,88.27,0.0,0.0,2026-04-10 11:28:08.493243+02:00
151,Wanda,Lopez,1950-12-30,76,2016-06-15,118,A,BASIC,385,"6156 Payne Springs, Apt 91",West Paige,PA,11133,2,2.0,Y,N,Y,N,12118.7,32070.15,21.35,2026-04-10 11:28:08.493243+02:00
152,Debra,Williams,1989-06-12,37,2013-03-15,157,A,BASIC,190,"2291 Joshua Hills, Apt 135",Nguyenburgh,IL,50890,2,2.0,N,Y,N,Y,36067.27,0.0,0.0,2026-04-10 11:28:08.493243+02:00
153,Samuel,Everett,1946-11-05,80,2022-03-01,49,I,BASIC,178,"6947 Bush Spurs, Apt 243",North Tanya,PA,40481,3,3.0,Y,Y,N,Y,15574.26,0.0,0.0,2026-04-10 11:28:08.493243+02:00
154,Zachary,Woods,1988-08-18,38,2010-03-08,193,A,PREFERRED,417,4731 Roberts Ports,Kellibury,IL,67917,3,3.0,Y,N,Y,Y,28190.81,2494.11,29.03,2026-04-10 11:28:08.493243+02:00
155,David,Short,1979-03-17,47,2015-03-09,133,A,BASIC,127,3959 Blevins Unions,Sarahton,IL,43031,2,2.0,Y,N,Y,N,4938.37,14640.25,23.78,2026-04-10 11:28:08.493243+02:00
156,Jeffrey,Morales,1963-12-20,63,2015-08-04,128,A,STANDARD,439,2114 Michael Mills,East Tonymouth,FL,42880,2,2.0,N,N,Y,Y,2460.68,4942.91,37.27,2026-04-10 11:28:08.493243+02:00
157,Matthew,Jones,1999-10-31,27,2010-12-10,184,A,PREMIER,408,5314 Maria Groves,North Hannah,OH,77110,1,0.0,Y,N,N,N,1154.21,0.0,0.0,2026-04-10 11:28:08.493243+02:00
158,Brianna,Soto,1970-12-28,56,2013-08-05,152,A,PREFERRED,497,"7486 John Skyway, Apt 81",South Jasmineside,MI,94389,1,1.0,N,N,N,Y,1331.22,0.0,0.0,2026-04-10 11:28:08.493243+02:00
159,Jerry,Brown,1974-06-22,52,2024-10-01,18,I,DIGITAL,367,"8738 Robert Stravenue, Apt 128",New Jacob,CA,90503,3,2.0,Y,N,Y,Y,5856.39,10492.98,20.13,2026-04-10 11:28:08.493243+02:00
160,Jeffrey,Hernandez,1955-10-20,71,2020-06-16,70,A,PREMIER,449,5387 Adam Plaza,Mikaylaside,PA,74605,2,2.0,Y,N,Y,N,491618.91,289116.0,35.74,2026-04-10 11:28:08.493243+02:00
161,Chad,Hart,1941-08-05,85,2022-09-04,43,I,STANDARD,147,"5439 Woods Flats, Apt 228",Phillipsview,IL,19495,1,1.0,N,Y,N,N,95.21,0.0,0.0,2026-04-10 11:28:08.493243+02:00
162,Crystal,Torres,1963-10-23,63,2011-07-26,177,A,DIGITAL,455,"9094 Rebecca Corners, Apt 12",Grosstown,FL,23760,1,1.0,Y,N,N,N,1814.37,0.0,0.0,2026-04-10 11:28:08.493243+02:00
163,Jeremy,Mcknight,1980-11-21,46,2025-06-29,10,A,PREMIER,164,5043 Robin Extensions,Jenniferside,OH,48771,2,2.0,Y,Y,N,N,2291.04,0.0,0.0,2026-04-10 11:28:08.493243+02:00
164,Rebecca,Wilson,1981-01-28,45,2022-03-01,49,I,STANDARD,225,2049 Wendy Locks,New Justin,NC,16614,2,1.0,Y,N,N,Y,60971.75,0.0,0.0,2026-04-10 11:28:08.493243+02:00
166,Chad,Obrien,1953-10-14,73,2012-05-12,167,I,STANDARD,260,3549 Mitchell Row,North Todd,FL,82894,3,3.0,Y,Y,N,Y,14872.01,0.0,0.0,2026-04-10 11:28:08.493243+02:00
167,John,Gibbs,1986-10-12,40,2016-03-04,121,A,PREFERRED,399,3957 Nelson Valleys,Foxshire,FL,59650,3,2.0,N,Y,Y,Y,15727.87,47696.3,23.43,2026-04-10 11:28:08.493243+02:00
168,Elizabeth,Perez,1997-02-08,29,2009-01-22,207,I,BASIC,207,9768 Wong Stravenue,North Sarahborough,NC,62399,4,4.0,Y,Y,Y,Y,201816.84,501541.25,25.13,2026-04-10 11:28:08.493243+02:00
169,Jason,Mills,1985-11-26,41,2007-11-26,221,I,PREMIER,428,1456 Bradley Throughway,Owenton,FL,52854,3,2.0,N,Y,Y,Y,5591.43,8871.94,31.54,2026-04-10 11:28:08.493243+02:00
171,Selena,Ramos,2001-03-07,25,2007-03-27,229,A,DIGITAL,351,7652 Jack Dam,Christianborough,PA,67920,3,1.0,N,Y,Y,Y,37142.41,45265.66,25.2,2026-04-10 11:28:08.493243+02:00
172,Ashley,Dalton,2002-04-04,24,2013-12-18,148,A,BASIC,475,1072 Jose Freeway,Lopezhaven,GA,35491,3,3.0,Y,Y,N,Y,26671.99,0.0,0.0,2026-04-10 11:28:08.493243+02:00
174,Kristen,Torres,1959-12-03,67,2024-04-19,24,A,PREMIER,237,8393 Bryan Crest,Emilychester,PA,77786,2,2.0,N,N,Y,Y,1554.2,5319.08,29.1,2026-04-10 11:28:08.493243+02:00
175,Lindsey,Oliver,1961-08-20,65,2013-10-24,150,A,BASIC,497,"1616 Vaughn Route, Apt 207",Wagnerburgh,IL,92937,2,2.0,Y,Y,N,N,3276.06,0.0,0.0,2026-04-10 11:28:08.493243+02:00
176,James,Lynch,1977-05-12,49,2011-10-01,174,A,STANDARD,322,"9293 Susan Neck, Apt 201",Meganchester,IL,55581,2,2.0,N,Y,Y,N,66624.77,311623.07,21.08,2026-04-10 11:28:08.493243+02:00
177,Collin,Singh,1960-04-11,66,2014-08-19,140,A,BASIC,345,1149 Perry Plaza,New Amy,OH,67084,4,1.0,Y,Y,Y,Y,6567.85,1002.07,51.61,2026-04-10 11:28:08.493243+02:00
178,Ryan,Meza,1997-06-28,29,2024-07-05,21,A,BASIC,218,650 Kathleen Springs,Suzannemouth,CA,34961,2,2.0,Y,N,N,Y,2842.37,0.0,0.0,2026-04-10 11:28:08.493243+02:00
179,Rodney,Clark,1947-12-27,79,2015-10-12,126,A,STANDARD,186,8474 Miller Port,Caitlinhaven,NC,88294,2,2.0,Y,N,N,Y,848.71,0.0,0.0,2026-04-10 11:28:08.493243+02:00
180,Stuart,Clark,1974-09-27,52,2007-07-25,225,A,PREFERRED,167,2694 Ashley Drive,East Melissa,PA,52916,2,2.0,N,N,Y,Y,217874.22,8119.2,40.81,2026-04-10 11:28:08.493243+02:00
181,Jessica,Guerrero,1945-06-24,81,2011-10-17,174,A,PREMIER,189,685 Wilson Ford,North Benjamin,PA,26051,3,3.0,Y,Y,Y,N,74206.92,84533.04,28.56,2026-04-10 11:28:08.493243+02:00
182,Emily,Moore,1998-02-02,28,2023-06-17,34,A,PREMIER,178,"8928 Stokes Motorway, Apt 77",Pamelabury,OH,42920,2,1.0,Y,Y,N,N,54214.8,0.0,0.0,2026-04-10 11:28:08.493243+02:00
183,Tracey,Thompson,1974-12-27,52,2007-02-01,230,A,PREFERRED,398,8803 Angelica Spring,New Ricardoborough,GA,23646,2,2.0,N,Y,Y,N,53458.75,29657.29,20.64,2026-04-10 11:28:08.493243+02:00
184,Corey,Jones,1961-08-31,65,2007-02-08,230,A,BASIC,123,4736 Velasquez Summit,South Margaret,CA,66120,4,3.0,Y,Y,Y,Y,12441.51,8115.53,25.06,2026-04-10 11:28:08.493243+02:00
185,Richard,Smith,1975-02-07,51,2022-10-27,42,A,STANDARD,351,"9223 Cooper Circles, Apt 43",Millerton,TX,58018,3,2.0,Y,Y,Y,N,63172.29,3458.67,28.15,2026-04-10 11:28:08.493243+02:00
186,Matthew,Hayes,1978-06-01,48,2010-04-02,192,A,STANDARD,479,1985 Johnson Lodge,Conradville,TX,73346,3,3.0,Y,N,Y,Y,3824.81,888.14,29.67,2026-04-10 11:28:08.493243+02:00
187,Michelle,Wheeler,1997-02-27,29,2018-02-05,98,A,PREFERRED,406,686 Brooks Light,Lake Kimberlyfurt,FL,96404,4,4.0,Y,Y,Y,Y,61363.2,1788.49,36.38,2026-04-10 11:28:08.493243+02:00
188,John,Carter,1982-10-11,44,2014-05-17,143,A,STANDARD,261,"1986 Miller Shore, Apt 93",West Wayne,TX,86781,1,0.0,N,Y,N,N,33841.49,0.0,0.0,2026-04-10 11:28:08.493243+02:00
189,James,Hall,1992-04-19,34,2017-05-01,107,A,DIGITAL,123,"4184 Gregory Plain, Apt 157",Maddoxshire,CA,15944,2,1.0,Y,N,Y,N,41488.19,134120.84,29.38,2026-04-10 11:28:08.493243+02:00
190,Shane,Mann,1988-02-06,38,2010-08-13,188,A,BASIC,433,6747 Mary Throughway,East Matthew,GA,25454,3,2.0,N,Y,Y,Y,31597.54,4848.4,26.26,2026-04-10 11:28:08.493243+02:00
191,Robert,Warner,1962-07-06,64,2006-05-10,239,A,DIGITAL,101,3862 Patel View,Bakerfurt,TX,98167,2,1.0,Y,N,N,Y,100968.12,0.0,0.0,2026-04-10 11:28:08.493243+02:00
192,Joshua,Gibson,1966-02-01,60,2010-05-14,191,A,DIGITAL,372,5034 Joshua Wells,South Anita,OH,59244,2,2.0,N,Y,Y,N,70875.24,219417.86,31.96,2026-04-10 11:28:08.493243+02:00
193,John,Mcdaniel,1967-08-20,59,2007-08-27,224,A,BASIC,368,"163 Mendez Brook, Apt 292",New Christina,CA,21158,2,2.0,N,N,Y,Y,30068.66,67229.57,30.31,2026-04-10 11:28:08.493243+02:00
194,Sandra,Bradshaw,1984-01-23,42,2007-05-13,227,A,STANDARD,176,"6941 Sean Spring, Apt 177",Morrisshire,GA,11444,4,3.0,Y,Y,Y,Y,53959.82,1658.99,22.17,2026-04-10 11:28:08.493243+02:00
195,Scott,French,1944-01-12,82,2024-05-25,23,A,BASIC,395,3444 Gonzales Plains,Michaelmouth,CA,49059,2,2.0,N,Y,Y,N,2262.13,9781.69,20.99,2026-04-10 11:28:08.493243+02:00
196,Michelle,Weber,2002-06-02,24,2021-02-23,62,I,PREFERRED,170,8396 Donald Highway,Garystad,PA,41462,1,0.0,N,N,N,Y,418.24,0.0,0.0,2026-04-10 11:28:08.493243+02:00
197,Andrea,Guerrero,1985-05-07,41,2011-10-29,174,A,PREMIER,190,"675 Ray Trail, Apt 11",Port Jesusstad,IL,61418,3,1.0,Y,N,Y,Y,7118.86,8944.67,29.77,2026-04-10 11:28:08.493243+02:00
198,Brent,Peck,2000-05-21,26,2014-06-13,142,I,STANDARD,424,4871 Valerie Pike,North Jodibury,CA,72246,3,3.0,Y,N,Y,Y,3200.89,5921.19,34.38,2026-04-10 11:28:08.493243+02:00
199,Yvette,Coleman,1985-08-05,41,2025-03-12,13,A,PREMIER,491,8519 Angela Ramp,Alexanderville,CA,27300,2,2.0,Y,N,N,Y,75708.79,0.0,0.0,2026-04-10 11:28:08.493243+02:00
200,Mary,Stephens,1943-11-19,83,2024-04-19,24,A,PREMIER,205,7592 Williams Key,Jasonside,GA,77571,4,4.0,Y,Y,Y,Y,12873.25,469.4,41.24,2026-04-10 11:28:08.493243+02:00
201,Tanya,Holland,1983-10-07,43,2015-10-31,126,A,BASIC,468,3517 Russell Hills,Anaberg,CA,86388,1,1.0,N,N,Y,N,65389.44,209989.06,31.14,2026-04-10 11:28:08.493243+02:00
202,Sara,Kerr,1947-06-15,79,2013-12-05,148,A,DIGITAL,465,6251 Allen Fork,West Georgeport,MI,28073,3,3.0,Y,N,Y,Y,3132.71,5723.72,21.55,2026-04-10 11:28:08.493243+02:00
203,Melinda,Serrano,1975-02-21,51,2022-11-08,41,A,PREFERRED,407,1973 Melendez Points,Briantown,IL,59540,3,2.0,Y,Y,Y,N,15697.85,9924.37,20.62,2026-04-10 11:28:08.493243+02:00
204,Gabriel,Jones,1961-06-09,65,2022-10-13,42,A,BASIC,156,2925 Paul Glens,North Kellyfurt,FL,50701,2,2.0,Y,N,Y,N,755.78,1993.55,22.25,2026-04-10 11:28:08.493243+02:00
205,Todd,Martin,1977-08-29,49,2023-08-14,32,A,PREMIER,219,"8004 Boone Course, Apt 86",West Toddside,IL,71292,2,1.0,N,Y,Y,N,5890.6,3200.5,64.6,2026-04-10 11:28:08.493243+02:00
206,Jason,Parker,1990-06-27,36,2014-12-12,136,A,PREFERRED,371,"9471 Morgan Field, Apt 236",North Johnhaven,GA,69695,3,3.0,N,Y,Y,Y,33017.12,14185.43,45.02,2026-04-10 11:28:08.493243+02:00
207,Richard,Curry,1957-02-12,69,2026-01-13,3,A,DIGITAL,499,348 Turner Bridge,North Michael,CA,81236,2,1.0,N,Y,Y,N,25848.83,80631.65,22.66,2026-04-10 11:28:08.493243+02:00
208,Brian,Carroll,1943-05-25,83,2014-10-19,138,I,PREFERRED,425,"7798 Julie Throughway, Apt 90",New Joshua,IL,46663,1,1.0,N,N,Y,N,3656.21,6629.86,55.15,2026-04-10 11:28:08.493243+02:00
209,Nicholas,Roberts,1990-08-23,36,2016-09-19,115,A,DIGITAL,268,"1135 Randy Garden, Apt 142",New Stacybury,CA,19980,4,4.0,Y,Y,Y,Y,137354.34,38699.19,29.54,2026-04-10 11:28:08.493243+02:00
210,Tricia,Martinez,1956-02-23,70,2016-12-01,112,A,BASIC,194,8457 Ferguson Knolls,North Jessica,OH,99417,1,1.0,N,N,N,Y,1796.29,0.0,0.0,2026-04-10 11:28:08.493243+02:00
211,Joseph,Barker,1990-10-20,36,2012-09-02,163,A,PREMIER,484,9765 Owens Unions,South Tara,NY,50563,4,4.0,Y,Y,Y,Y,41637.13,31794.39,27.83,2026-04-10 11:28:08.493243+02:00
212,Kristen,Lyons,1960-04-15,66,2015-10-16,126,A,PREMIER,210,5592 Nathan Loop,Lake Dillon,OH,36009,3,3.0,Y,Y,N,Y,10658.26,0.0,0.0,2026-04-10 11:28:08.493243+02:00
213,Spencer,Bender,1955-06-17,71,2011-09-16,175,A,BASIC,236,3376 Allen Plaza,South Wendy,OH,83953,2,2.0,N,N,Y,Y,4702.77,13819.73,30.72,2026-04-10 11:28:08.493243+02:00
214,Rodney,Mason,1978-03-14,48,2010-12-27,184,A,STANDARD,485,"4047 Hall Port, Apt 31",West Carlos,PA,46695,4,3.0,Y,Y,Y,Y,167540.24,184923.22,47.98,2026-04-10 11:28:08.493243+02:00
215,Susan,Snyder,1958-12-12,68,2007-11-17,221,A,STANDARD,324,1903 Scott View,Port Lucaschester,FL,24696,2,2.0,N,Y,N,Y,42396.58,0.0,0.0,2026-04-10 11:28:08.493243+02:00
216,Wendy,Miller,1990-01-22,36,2010-04-14,192,A,STANDARD,205,248 Murray Street,Port Jacob,TX,49406,4,4.0,Y,Y,Y,Y,10715.74,2503.79,52.82,2026-04-10 11:28:08.493243+02:00
217,Angela,Williams,2002-12-24,24,2015-11-21,125,A,STANDARD,102,"9003 White Plains, Apt 104",Catherinebury,CA,19388,3,2.0,Y,N,Y,Y,2853.58,872.52,21.61,2026-04-10 11:28:08.493243+02:00
219,Eric,Morris,1978-05-11,48,2021-07-02,57,A,STANDARD,494,"9611 Megan Fort, Apt 207",Josephstad,MI,94462,2,1.0,Y,Y,N,N,6552.75,0.0,0.0,2026-04-10 11:28:08.493243+02:00
220,Kenneth,Wright,1947-11-08,79,2014-04-04,144,A,PREMIER,273,"3028 William Landing, Apt 54",Taylorborough,FL,45255,2,1.0,N,Y,Y,N,450.11,744.02,28.5,2026-04-10 11:28:08.493243+02:00
221,Tanya,Davis,1999-09-30,27,2023-06-04,34,I,DIGITAL,379,7297 Hopkins Brook,West Stephaniebury,OH,72393,4,4.0,Y,Y,Y,Y,3336.04,785.36,53.4,2026-04-10 11:28:08.493243+02:00
222,Beth,Hayden,1977-10-08,49,2007-08-28,224,A,DIGITAL,201,"8388 Alvin Stravenue, Apt 145",South Michelle,NC,71662,1,1.0,N,N,N,Y,321.43,0.0,0.0,2026-04-10 11:28:08.493243+02:00
223,Amy,Huff,1961-02-23,65,2009-05-16,203,A,PREMIER,410,454 Wayne Square,South Richard,NY,50413,3,3.0,Y,Y,Y,N,6717.09,97.56,28.54,2026-04-10 11:28:08.493243+02:00
224,Julie,Johnston,1994-09-27,32,2023-10-23,30,A,PREFERRED,410,3762 Samantha Pine,Phillipshire,FL,99336,2,2.0,N,Y,N,Y,7806.26,0.0,0.0,2026-04-10 11:28:08.493243+02:00
225,Brian,Sampson,1959-12-21,67,2010-07-20,189,A,DIGITAL,343,2721 Ochoa Grove,East Aprilfurt,NY,87108,1,1.0,N,Y,N,N,844.26,0.0,0.0,2026-04-10 11:28:08.493243+02:00
226,Breanna,Key,1987-10-20,39,2023-11-11,29,A,DIGITAL,408,3370 Cunningham Square,West Scott,GA,13260,4,2.0,Y,Y,Y,Y,42403.27,49617.63,41.17,2026-04-10 11:28:08.493243+02:00
227,Wesley,Chambers,1954-02-22,72,2011-11-02,173,I,PREMIER,331,"7848 Desiree Walks, Apt 188",Jacksonport,TX,71022,2,2.0,N,Y,N,Y,1106.12,0.0,0.0,2026-04-10 11:28:08.493243+02:00
228,Melissa,Adams,1969-07-04,57,2024-06-12,22,I,PREMIER,251,3820 Tran Centers,Gallegosmouth,FL,13449,2,2.0,N,Y,N,Y,20821.68,0.0,0.0,2026-04-10 11:28:08.493243+02:00
229,Eric,Williams,1971-09-02,55,2016-06-22,118,A,STANDARD,395,"1689 Bruce Rue, Apt 111",South Robert,PA,46797,2,2.0,N,N,Y,Y,14520.42,30944.42,46.87,2026-04-10 11:28:08.493243+02:00
231,Christopher,Ruiz,1977-04-10,49,2011-09-08,175,A,BASIC,436,"3878 Nelson Club, Apt 227",North Dannymouth,OH,81001,1,1.0,N,N,Y,N,1518765.64,2904736.71,52.29,2026-04-10 11:28:08.493243+02:00
232,Jacob,Pearson,1950-12-07,76,2017-11-10,101,A,STANDARD,185,9857 Harry Vista,South Andrea,TX,74515,3,3.0,Y,N,Y,Y,13813.74,36395.03,32.23,2026-04-10 11:28:08.493243+02:00
233,Brooke,Moon,2006-12-24,20,2007-11-06,221,I,BASIC,370,9451 Karen Station,East Misty,GA,94529,4,3.0,Y,Y,Y,Y,8815.36,44.94,36.63,2026-04-10 11:28:08.493243+02:00
234,Emma,White,1957-07-02,69,2010-10-12,186,A,PREFERRED,101,2335 Anne Port,Parkermouth,NC,40776,2,1.0,N,Y,Y,N,28986.31,43980.57,59.43,2026-04-10 11:28:08.493243+02:00
235,Joe,Richards,1975-04-18,51,2022-01-17,51,A,STANDARD,328,467 Reyes Streets,East Adam,FL,40567,4,3.0,Y,Y,Y,Y,161832.37,616857.84,25.17,2026-04-10 11:28:08.493243+02:00
236,David,Walters,1960-02-12,66,2012-10-31,162,A,PREMIER,328,"8567 Vincent Key, Apt 159",Stephenstown,IL,79686,2,1.0,N,Y,N,Y,4666.82,0.0,0.0,2026-04-10 11:28:08.493243+02:00
237,Pamela,Vasquez,1963-11-17,63,2011-08-27,176,A,STANDARD,245,8379 Matthew Trafficway,Chavezmouth,MI,39687,3,2.0,N,Y,Y,Y,29614.3,1942.01,29.08,2026-04-10 11:28:08.493243+02:00
238,John,Davis,1979-05-11,47,2019-07-21,81,A,PREMIER,497,"8033 Cynthia Tunnel, Apt 260",Christineside,OH,12184,3,3.0,Y,Y,N,Y,8936.38,0.0,0.0,2026-04-10 11:28:08.493243+02:00
239,Brooke,Bailey,1987-08-15,39,2011-07-02,177,A,STANDARD,453,5776 Reynolds Springs,Lake Michaelberg,MI,35247,4,4.0,Y,Y,Y,Y,13808.66,33.61,21.9,2026-04-10 11:28:08.493243+02:00
240,Christine,Cook,1966-04-15,60,2008-04-23,216,I,PREFERRED,115,9241 Yates Station,Samanthaton,TX,47905,3,3.0,Y,Y,Y,N,68257.87,46056.51,51.4,2026-04-10 11:28:08.493243+02:00
241,Robert,Santiago,1998-11-24,28,2009-12-05,196,A,PREMIER,183,"9021 Dawson Roads, Apt 165",Cherylshire,MI,79640,3,2.0,N,Y,Y,Y,14831.11,15489.86,55.8,2026-04-10 11:28:08.493243+02:00
242,Brandy,Hodge,1969-03-06,57,2011-01-06,183,A,PREMIER,183,1952 Rodriguez Avenue,Sarahland,NY,10469,4,4.0,Y,Y,Y,Y,47894.17,120033.23,26.27,2026-04-10 11:28:08.493243+02:00
243,Alexandra,Rivera,2001-12-12,25,2013-07-25,153,A,STANDARD,459,2005 Garcia Corners,Port Ronaldside,IL,75663,4,2.0,Y,Y,Y,Y,99693.4,364.18,50.16,2026-04-10 11:28:08.493243+02:00
244,Sarah,Steele,1964-10-11,62,2020-10-22,66,A,BASIC,307,9666 Garcia Corners,Markchester,MI,48236,1,0.0,N,N,N,Y,340.85,0.0,0.0,2026-04-10 11:28:08.493243+02:00
245,James,Roberts,1966-03-11,60,2010-05-13,191,A,PREMIER,391,9323 Shields Bridge,North Ashleyhaven,OH,81507,3,3.0,Y,Y,Y,N,26689.4,39079.88,65.94,2026-04-10 11:28:08.493243+02:00
246,Jennifer,Landry,2002-08-19,24,2018-12-11,88,I,STANDARD,423,6522 Jenny Points,Lynchmouth,MI,48682,2,2.0,Y,N,N,Y,5078.08,0.0,0.0,2026-04-10 11:28:08.493243+02:00
247,John,Cervantes,1957-07-27,69,2015-08-07,128,A,PREFERRED,407,"9914 Jackson Grove, Apt 242",New Anna,MI,44443,2,0.0,N,N,Y,Y,5106.28,1715.99,25.82,2026-04-10 11:28:08.493243+02:00
248,Randy,Pierce,1980-06-12,46,2019-12-08,76,A,BASIC,135,6459 Gary Harbor,Lake Kelly,MI,47758,2,1.0,Y,Y,N,N,5882.35,0.0,0.0,2026-04-10 11:28:08.493243+02:00
249,Emily,Gibson,1955-08-08,71,2019-12-18,76,A,STANDARD,156,7491 Michael Gateway,Garrettville,CA,25144,3,3.0,Y,Y,Y,N,224471.51,671259.64,32.74,2026-04-10 11:28:08.493243+02:00
250,Kevin,Edwards,2005-07-02,21,2023-01-21,39,A,BASIC,258,6816 Rodriguez Hollow,Gutierrezmouth,OH,31355,4,4.0,Y,Y,Y,Y,52480.01,673.37,28.92,2026-04-10 11:28:08.493243+02:00
251,Leslie,Morris,1996-04-09,30,2007-01-22,231,A,PREFERRED,235,2058 Brock Isle,Lake Jamesport,NC,89978,1,1.0,N,Y,N,N,7655.42,0.0,0.0,2026-04-10 11:28:08.493243+02:00
252,Karen,Cordova,1975-03-19,51,2023-04-02,36,A,PREMIER,398,6309 Kevin Rapids,Williammouth,OH,53024,3,3.0,Y,Y,Y,N,7362.14,1037.45,36.17,2026-04-10 11:28:08.493243+02:00
253,Charles,Powell,1995-09-07,31,2024-06-22,22,A,STANDARD,162,7748 Novak Highway,Ramseytown,CA,98219,2,1.0,N,Y,Y,N,208090.67,770.43,36.01,2026-04-10 11:28:08.493243+02:00
254,Stephen,Robertson,1986-03-15,40,2007-07-24,225,A,DIGITAL,248,5023 Mark Harbors,Sandrafort,NC,78714,2,1.0,Y,Y,N,N,23844.91,0.0,0.0,2026-04-10 11:28:08.493243+02:00
255,Yolanda,Travis,1964-01-22,62,2015-02-23,134,A,BASIC,194,7190 Brittany Plains,Mooremouth,CA,89077,2,2.0,N,Y,Y,N,40177.15,177070.33,20.31,2026-04-10 11:28:08.493243+02:00
256,Wendy,Sandoval,1998-08-11,28,2017-06-23,106,A,BASIC,175,8465 Stephanie Mountain,Port Adrianashire,CA,33244,3,3.0,Y,Y,Y,N,28557.63,48591.01,51.38,2026-04-10 11:28:08.493243+02:00
257,Charles,Daniels,1962-11-29,64,2011-07-07,177,A,BASIC,169,6028 Lori Underpass,New Gina,MI,85836,1,0.0,N,Y,N,N,1309.41,0.0,0.0,2026-04-10 11:28:08.493243+02:00
258,Jason,Gutierrez,2001-05-13,25,2018-07-25,93,A,DIGITAL,178,6623 Allen Shoals,Marymouth,NY,83197,2,2.0,N,N,Y,Y,3523.25,568.69,27.37,2026-04-10 11:28:08.493243+02:00
259,Joseph,Lopez,1996-07-22,30,2023-08-25,32,A,PREFERRED,325,655 Jones Rapid,Lopezville,OH,55079,1,0.0,N,N,Y,N,1142.12,2404.68,47.5,2026-04-10 11:28:08.493243+02:00
261,Nicole,Avila,1955-02-28,71,2022-09-09,43,A,PREMIER,274,8816 Daniel Gateway,Javierport,GA,16647,2,1.0,Y,N,Y,N,2174.0,7765.66,27.75,2026-04-10 11:28:08.493243+02:00
263,Mike,Wolf,1988-03-14,38,2007-04-21,228,A,PREFERRED,396,8733 Rodriguez Courts,East Matthew,NY,51620,2,2.0,N,N,Y,Y,96689.1,263660.02,36.41,2026-04-10 11:28:08.493243+02:00
264,Eric,Harris,1946-05-07,80,2007-07-24,225,A,PREMIER,444,2615 Sean Lock,Kimberlyberg,CA,33623,4,3.0,Y,Y,Y,Y,14975.92,4714.43,27.65,2026-04-10 11:28:08.493243+02:00
265,Martha,Dunn,1942-01-09,84,2019-01-05,87,A,PREFERRED,310,7050 Michael Burg,East Jenny,NY,49208,2,1.0,Y,N,N,Y,192126.92,0.0,0.0,2026-04-10 11:28:08.493243+02:00
266,Jade,Pennington,1969-05-20,57,2010-08-30,188,A,STANDARD,356,"3239 Darren Stream, Apt 86",North Larryton,PA,49578,2,2.0,N,Y,Y,N,2323.5,1638.61,35.28,2026-04-10 11:28:08.493243+02:00
267,Cheryl,Kim,1978-05-10,48,2013-12-30,148,A,PREFERRED,395,3665 Mueller Pike,New Katieport,CA,15751,4,3.0,Y,Y,Y,Y,9763.68,1297.59,27.11,2026-04-10 11:28:08.493243+02:00
268,Vanessa,Wolfe,1985-01-23,41,2016-08-25,116,A,BASIC,376,307 Bowen Mission,Jamesport,CA,86514,3,3.0,Y,Y,Y,N,39943.86,10576.82,41.55,2026-04-10 11:28:08.493243+02:00
269,Destiny,Martinez,1967-04-13,59,2023-05-29,35,A,STANDARD,153,9154 Andrew Junctions,West Edwardview,FL,47890,2,1.0,Y,N,Y,N,9761.01,487.15,20.56,2026-04-10 11:28:08.493243+02:00
271,Lisa,Lynch,1988-07-20,38,2013-03-20,157,A,DIGITAL,165,"3579 Hall Lodge, Apt 9",East Charles,NY,41155,3,2.0,Y,N,Y,Y,8551.26,8034.07,48.31,2026-04-10 11:28:08.493243+02:00
272,Kevin,Allen,2006-10-05,20,2006-07-22,237,A,PREMIER,264,4043 Foster Street,North Thomas,IL,47649,4,4.0,Y,Y,Y,Y,49159.48,16597.95,22.64,2026-04-10 11:28:08.493243+02:00
273,Elizabeth,Moore,1998-02-22,28,2026-02-04,2,A,PREFERRED,361,"8099 Smith Forest, Apt 255",Myersshire,FL,26769,2,2.0,N,Y,N,Y,13236.53,0.0,0.0,2026-04-10 11:28:08.493243+02:00
274,Sheila,Pierce,1944-02-09,82,2011-11-27,173,A,DIGITAL,261,7737 Barbara Union,Lisaside,GA,77155,4,3.0,Y,Y,Y,Y,472503.93,25199.64,48.8,2026-04-10 11:28:08.493243+02:00
275,Dennis,Tran,1980-04-16,46,2009-05-07,203,A,STANDARD,197,"2988 Wilson Skyway, Apt 263",North Lisa,IL,96986,1,1.0,N,N,Y,N,10183.62,47886.3,21.27,2026-04-10 11:28:08.493243+02:00
276,Darrell,Davis,1975-12-30,51,2007-04-05,228,A,PREFERRED,469,4398 Harper Ridge,Ruizbury,NC,79576,3,2.0,Y,N,Y,Y,8694.87,10743.62,33.87,2026-04-10 11:28:08.493243+02:00
277,Daniel,Gay,1977-01-04,49,2017-10-03,102,A,STANDARD,128,9629 Bruce River,Robertafurt,PA,79071,1,1.0,N,N,N,Y,12392.67,0.0,0.0,2026-04-10 11:28:08.493243+02:00
278,Angela,Durham,1955-11-18,71,2023-11-01,29,A,BASIC,198,590 Sellers Ramp,Kristinamouth,GA,73912,4,3.0,Y,Y,Y,Y,14255.38,968.37,33.33,2026-04-10 11:28:08.493243+02:00
279,Joseph,Murray,2003-12-09,23,2020-10-19,66,A,PREFERRED,497,9478 John Crescent,Rodriguezfort,NC,32535,2,1.0,N,Y,Y,N,12882.2,20573.17,53.1,2026-04-10 11:28:08.493243+02:00
280,Cassandra,Wilson,2002-09-30,24,2009-04-06,204,A,PREMIER,391,"2624 Barnes Dam, Apt 41",Cassandraberg,MI,15356,3,3.0,Y,N,Y,Y,30449.48,28262.45,23.11,2026-04-10 11:28:08.493243+02:00
281,Jennifer,Collier,1989-10-26,37,2008-09-19,211,A,PREFERRED,134,"5428 Angela Overpass, Apt 18",Angelaland,IL,79662,2,2.0,N,Y,N,Y,2095.91,0.0,0.0,2026-04-10 11:28:08.493243+02:00
282,James,Jimenez,1975-09-14,51,2013-07-06,153,A,BASIC,401,"6202 Harvey Way, Apt 103",Allenbury,GA,24488,3,3.0,Y,N,Y,Y,11372.58,5344.66,52.36,2026-04-10 11:28:08.493243+02:00
283,Cynthia,Moran,1963-05-09,63,2023-10-01,30,A,DIGITAL,487,5188 James Lights,Jaredshire,OH,46255,2,2.0,N,Y,Y,N,5006.6,12305.23,38.55,2026-04-10 11:28:08.493243+02:00
284,Joseph,Hicks,1975-06-07,51,2023-10-07,30,A,BASIC,139,5312 Mckinney Mills,Amybury,IL,21161,3,3.0,Y,N,Y,Y,13313.52,11757.3,28.1,2026-04-10 11:28:08.493243+02:00
285,Tracy,Hill,1978-10-01,48,2016-09-03,115,A,BASIC,265,"449 Laura Forges, Apt 277",Wilsonmouth,FL,67424,4,3.0,Y,Y,Y,Y,28470.74,13529.4,25.64,2026-04-10 11:28:08.493243+02:00
286,Rebecca,Davenport,1945-06-30,81,2014-06-26,142,I,PREMIER,287,9100 Jackson Mount,West Stephanie,GA,89625,4,4.0,Y,Y,Y,Y,25028.68,19788.65,23.96,2026-04-10 11:28:08.493243+02:00
287,Meghan,Baird,1997-07-04,29,2025-07-19,9,I,PREFERRED,152,1828 Joseph Plains,Troyton,PA,44209,2,1.0,N,Y,N,Y,4350.21,0.0,0.0,2026-04-10 11:28:08.493243+02:00
288,Christopher,Sanchez,1970-01-03,56,2012-07-15,165,I,PREMIER,180,1518 Kathleen Mill,Port Dwayneberg,IL,78032,2,2.0,N,N,Y,Y,41760.14,2577.63,26.29,2026-04-10 11:28:08.493243+02:00
289,Rodney,Arnold,1971-12-25,55,2015-05-10,131,I,PREMIER,169,3365 Kenneth Bypass,Gonzalezmouth,NC,26783,3,3.0,Y,Y,Y,N,741163.1,2257242.19,32.55,2026-04-10 11:28:08.493243+02:00
290,Joshua,Reyes,1976-08-01,50,2025-12-12,4,A,BASIC,174,8088 Scott Crest,Robbinsstad,IL,41249,3,3.0,Y,N,Y,Y,9569.1,8939.89,23.27,2026-04-10 11:28:08.493243+02:00
291,Adam,Weeks,1954-03-20,72,2024-04-15,24,A,BASIC,261,3230 Callahan Ridge,Abbottport,OH,36309,3,1.0,Y,Y,Y,N,7348.78,811.85,63.94,2026-04-10 11:28:08.493243+02:00
292,Kellie,Romero,1990-05-31,36,2017-02-24,110,A,PREMIER,285,"100 Lisa Valley, Apt 75",Lake Annstad,OH,62991,4,3.0,Y,Y,Y,Y,3368.99,9782.74,22.87,2026-04-10 11:28:08.493243+02:00
293,Dana,Suarez,1944-06-05,82,2011-10-23,174,A,DIGITAL,195,"5243 Carlson Extension, Apt 210",South Jacqueline,MI,11593,3,3.0,Y,Y,Y,N,293312.69,2586.09,24.47,2026-04-10 11:28:08.493243+02:00
294,Jose,Shields,1986-02-01,40,2009-10-06,198,A,STANDARD,215,"8319 Armstrong Walks, Apt 227",Jamesside,TX,50931,4,3.0,Y,Y,Y,Y,11670.55,1682.28,38.96,2026-04-10 11:28:08.493243+02:00
295,Joyce,Hill,1971-10-18,55,2017-08-10,104,A,PREMIER,176,1464 Sellers Harbor,East Angela,IL,42862,4,3.0,Y,Y,Y,Y,50492.62,6449.54,25.44,2026-04-10 11:28:08.493243+02:00
296,Andrea,Tyler,1973-06-04,53,2020-04-24,72,I,BASIC,418,"8883 Dustin Islands, Apt 168",Whitneyberg,PA,59620,2,1.0,Y,N,Y,N,140237.59,277916.13,50.24,2026-04-10 11:28:08.493243+02:00
297,Ronald,Perry,1951-05-23,75,2006-12-02,232,A,BASIC,184,"561 Burns Ports, Apt 281",East Jenniferfort,IL,30290,4,1.0,Y,Y,Y,Y,23796.05,13148.7,59.63,2026-04-10 11:28:08.493243+02:00
298,Alec,Villa,1978-11-25,48,2017-01-24,111,A,STANDARD,463,"4498 Jones Underpass, Apt 77",East Dawnchester,IL,57304,3,3.0,Y,Y,Y,N,22376.56,52386.36,37.03,2026-04-10 11:28:08.493243+02:00
299,Charles,Romero,1989-03-27,37,2019-12-01,76,A,DIGITAL,315,6193 Neal Wells,South William,FL,62428,4,4.0,Y,Y,Y,Y,116299.02,1827.98,40.06,2026-04-10 11:28:08.493243+02:00
300,Nicole,Hoover,2006-11-03,20,2017-05-22,107,I,PREFERRED,421,"9383 Perkins Ways, Apt 28",South Cassandra,MI,45560,3,2.0,Y,N,Y,Y,42955.51,87242.44,28.79,2026-04-10 11:28:08.493243+02:00
301,Rebecca,Campbell,1983-12-09,43,2025-12-14,4,A,DIGITAL,354,5545 Horn Underpass,Robertside,OH,92641,2,1.0,Y,N,N,Y,4952.75,0.0,0.0,2026-04-10 11:28:08.493243+02:00
302,Amy,Evans,1952-12-18,74,2020-03-07,73,A,STANDARD,206,"2499 Troy Islands, Apt 244",Bushville,NY,92810,1,1.0,Y,N,N,N,616.02,0.0,0.0,2026-04-10 11:28:08.493243+02:00
303,Mary,Matthews,2007-08-16,19,2015-12-06,124,A,BASIC,340,1179 Ashlee Oval,Lake Jessica,NY,32356,3,3.0,Y,N,Y,Y,68243.58,10570.62,42.34,2026-04-10 11:28:08.493243+02:00
304,Brandi,Duarte,1948-04-14,78,2007-11-29,221,I,PREMIER,209,7606 Brandon Road,East Thomasland,TX,12646,2,2.0,N,Y,N,Y,6654.74,0.0,0.0,2026-04-10 11:28:08.493243+02:00
305,Earl,Burns,1971-12-11,55,2011-07-02,177,I,PREMIER,147,"3324 Scott Alley, Apt 132",South Shawnfort,IL,27513,2,2.0,Y,N,N,Y,24558.22,0.0,0.0,2026-04-10 11:28:08.493243+02:00
306,David,Hernandez,1998-11-24,28,2010-08-22,188,A,BASIC,201,5532 Nicole Hollow,Garyport,CA,83320,2,2.0,N,Y,Y,N,1947.92,2516.54,66.06,2026-04-10 11:28:08.493243+02:00
307,Kyle,Ryan,1988-01-21,38,2015-05-07,131,A,PREFERRED,210,"9924 Davis Lake, Apt 279",New Brett,OH,29096,3,2.0,Y,Y,Y,N,5034.61,1317.49,36.08,2026-04-10 11:28:08.493243+02:00
308,Rachel,Reed,1971-03-12,55,2023-12-29,28,A,PREFERRED,154,"2458 Brett Road, Apt 169",Toddberg,NC,52697,2,2.0,N,N,Y,Y,18587.99,48120.11,26.75,2026-04-10 11:28:08.493243+02:00
309,Laura,Arnold,1987-02-24,39,2018-05-30,95,A,DIGITAL,109,"2628 Ruben Course, Apt 203",New Juan,PA,66941,2,1.0,N,N,Y,Y,2903.66,7133.82,24.82,2026-04-10 11:28:08.493243+02:00
310,Michelle,Daniels,2001-01-06,25,2006-05-07,239,A,PREMIER,477,8740 David Fork,New Joanne,PA,46471,2,2.0,Y,Y,N,N,3091.18,0.0,0.0,2026-04-10 11:28:08.493243+02:00
311,Rachel,Gibson,1963-09-12,63,2025-04-24,12,A,STANDARD,305,8176 Montoya Wall,Kimberlybury,MI,92436,2,1.0,Y,N,N,Y,1710.05,0.0,0.0,2026-04-10 11:28:08.493243+02:00
312,Jason,Morris,1963-04-12,63,2008-09-10,211,A,PREFERRED,260,6189 Jeremy Corners,West Traceyberg,PA,39012,2,2.0,N,N,Y,Y,14298.03,16420.43,41.97,2026-04-10 11:28:08.493243+02:00
313,John,Lopez,2000-04-29,26,2012-07-26,165,A,PREMIER,471,"1242 Taylor Trail, Apt 224",Townsendbury,GA,87632,2,2.0,Y,N,Y,N,10302.81,1896.68,21.74,2026-04-10 11:28:08.493243+02:00
314,Curtis,Terry,1989-06-16,37,2020-07-16,69,A,BASIC,189,"2556 Casey Port, Apt 227",New Jessica,IL,53307,2,2.0,N,Y,Y,N,6604.05,13208.46,23.6,2026-04-10 11:28:08.493243+02:00
315,Kimberly,Armstrong,1991-12-17,35,2010-09-16,187,A,PREMIER,261,6800 Bell Forest,North Garyfurt,PA,84591,1,1.0,Y,N,N,N,980.39,0.0,0.0,2026-04-10 11:28:08.493243+02:00
316,Nicole,Hall,1964-02-19,62,2009-07-14,201,A,PREMIER,438,"3298 Heath Corners, Apt 290",South Frances,MI,24534,4,3.0,Y,Y,Y,Y,42737.17,4118.65,34.48,2026-04-10 11:28:08.493243+02:00
317,Richard,Rowe,1959-05-23,67,2025-05-01,11,A,DIGITAL,352,4816 Bell Meadow,Smithmouth,GA,70880,1,1.0,N,N,Y,N,948.66,2718.28,34.9,2026-04-10 11:28:08.493243+02:00
318,Christine,Williams,1959-08-12,67,2024-01-28,27,A,BASIC,259,"7287 Newman Gateway, Apt 139",North Samanthastad,FL,58354,3,3.0,Y,N,Y,Y,12928.63,40170.67,27.86,2026-04-10 11:28:08.493243+02:00
319,Eric,Garner,1945-06-07,81,2012-12-10,160,I,PREMIER,202,"4639 Melanie Shoals, Apt 38",Josephville,IL,17651,1,1.0,N,Y,N,N,9066.63,0.0,0.0,2026-04-10 11:28:08.493243+02:00
320,Sarah,Thornton,1956-10-27,70,2006-04-22,240,A,DIGITAL,114,"895 Julie Hill, Apt 267",Mejiabury,PA,76379,4,3.0,Y,Y,Y,Y,17709.28,19298.78,55.06,2026-04-10 11:28:08.493243+02:00
321,Michelle,Shepherd,1986-10-25,40,2025-09-18,7,A,STANDARD,134,3834 Troy Creek,West Amy,CA,59356,2,2.0,N,N,Y,Y,5856.32,7640.41,30.78,2026-04-10 11:28:08.493243+02:00
322,Theresa,Hughes,2001-01-27,25,2012-12-10,160,A,BASIC,164,"6619 Allison Bridge, Apt 158",New Daltonmouth,PA,13985,3,2.0,Y,N,Y,Y,18148.33,2988.24,47.33,2026-04-10 11:28:08.493243+02:00
323,Lisa,Alvarado,1967-02-18,59,2023-06-23,34,A,PREMIER,414,6438 Valencia Port,Jamestown,IL,33376,3,2.0,N,Y,Y,Y,63936.11,99364.68,33.23,2026-04-10 11:28:08.493243+02:00
324,Nicole,Hoover,1946-12-15,80,2013-04-02,156,A,BASIC,355,4808 Kathryn Trail,Lake Susanland,TX,68319,2,2.0,Y,Y,N,N,880.97,0.0,0.0,2026-04-10 11:28:08.493243+02:00
325,Angel,Pollard,1942-12-30,84,2013-10-14,150,A,DIGITAL,273,3764 Jose Canyon,North Heather,GA,11511,3,3.0,N,Y,Y,Y,316208.37,26870.85,20.97,2026-04-10 11:28:08.493243+02:00
326,Jill,Simpson,1992-11-15,34,2024-05-23,23,I,BASIC,413,"1669 Fuller Parkway, Apt 290",Livingstonview,CA,95478,1,1.0,N,Y,N,N,2224.53,0.0,0.0,2026-04-10 11:28:08.493243+02:00
327,Martin,Johnson,1992-06-15,34,2012-08-23,164,A,PREFERRED,164,2689 Danielle Plain,Fernandoland,NC,80989,1,1.0,N,N,N,Y,979.13,0.0,0.0,2026-04-10 11:28:08.493243+02:00
328,Sarah,Shaw,2005-10-13,21,2008-05-03,215,A,BASIC,184,8029 William Ford,Cookton,PA,54003,2,1.0,N,Y,N,Y,6844.44,0.0,0.0,2026-04-10 11:28:08.493243+02:00
329,Leah,Lawrence,1998-10-30,28,2009-01-02,207,A,DIGITAL,257,"9296 Kyle Mews, Apt 182",South Chad,MI,52127,2,2.0,Y,Y,N,N,34576.04,0.0,0.0,2026-04-10 11:28:08.493243+02:00
330,Michelle,Kane,1971-02-20,55,2025-08-13,8,A,PREMIER,466,1465 Wilson Ridge,Rodriguezside,NC,77817,4,3.0,Y,Y,Y,Y,81338.09,89242.37,22.76,2026-04-10 11:28:08.493243+02:00
331,Lisa,Sawyer,1971-09-04,55,2021-04-19,60,A,BASIC,345,"3869 David Station, Apt 69",Baldwinville,PA,79393,2,2.0,Y,N,N,Y,11067.09,0.0,0.0,2026-04-10 11:28:08.493243+02:00
332,Joseph,Alexander,1983-06-15,43,2021-05-26,59,I,DIGITAL,440,"2940 Benton Pike, Apt 134",Smithfort,MI,59615,3,3.0,N,Y,Y,Y,66640.25,34602.67,65.31,2026-04-10 11:28:08.493243+02:00
333,Kristin,Fox,1987-07-15,39,2017-03-03,109,A,PREFERRED,199,3614 Quinn Crest,Lake Peterberg,MI,68703,4,4.0,Y,Y,Y,Y,15597.59,15405.49,39.04,2026-04-10 11:28:08.493243+02:00
334,Daniel,Bryant,1952-09-23,74,2023-05-07,35,I,STANDARD,439,"7248 Warren Greens, Apt 68",New Jasminefort,TX,93080,4,3.0,Y,Y,Y,Y,14689.71,19991.8,60.41,2026-04-10 11:28:08.493243+02:00
335,Monica,Bowen,1977-06-26,49,2009-03-09,205,A,PREFERRED,128,"3592 Brown Walks, Apt 138",North Patrick,GA,29773,4,2.0,Y,Y,Y,Y,79324.2,3764.46,27.69,2026-04-10 11:28:08.493243+02:00
336,Michele,Ortiz,1954-03-04,72,2010-09-24,187,A,STANDARD,191,6059 Patricia Spring,Mathewport,CA,45801,2,2.0,Y,N,Y,N,18106.98,47622.67,37.39,2026-04-10 11:28:08.493243+02:00
337,Jeffrey,Pena,1943-10-18,83,2010-02-07,194,A,BASIC,309,8682 Bradley Wall,Amandamouth,MI,95506,2,2.0,Y,N,Y,N,3511.94,5689.08,41.12,2026-04-10 11:28:08.493243+02:00
338,Lisa,Moore,1987-01-20,39,2022-04-01,48,I,BASIC,120,2125 Reyes Drive,East Angela,MI,24645,1,1.0,N,N,Y,N,391.06,1407.75,27.78,2026-04-10 11:28:08.493243+02:00
339,Steven,Harrison,1994-09-18,32,2025-11-26,5,A,PREFERRED,443,2081 Angela Station,Mosleystad,MI,74014,3,2.0,Y,N,Y,Y,51792.89,198453.88,20.22,2026-04-10 11:28:08.493243+02:00
340,Kevin,Costa,1944-06-26,82,2008-01-25,219,A,BASIC,446,962 Moon Island,East Austin,PA,41525,2,2.0,Y,Y,N,N,77975.4,0.0,0.0,2026-04-10 11:28:08.493243+02:00
341,Laura,Morgan,1965-10-13,61,2020-06-10,70,A,STANDARD,316,"8560 Wilson Spring, Apt 56",Priceside,MI,22321,4,4.0,Y,Y,Y,Y,9202.41,991.23,33.68,2026-04-10 11:28:08.493243+02:00
342,Jeremy,Schwartz,1988-10-22,38,2013-02-16,158,A,DIGITAL,222,6408 Stephanie Cliff,North Matthewmouth,TX,50874,4,3.0,Y,Y,Y,Y,221161.32,228495.32,43.37,2026-04-10 11:28:08.493243+02:00
343,Andrew,Santos,1966-08-26,60,2008-02-03,218,A,DIGITAL,139,7823 Murphy Plaza,Bentleyside,NY,83382,2,2.0,N,N,Y,Y,305.5,218.02,48.34,2026-04-10 11:28:08.493243+02:00
344,James,Christian,1973-10-20,53,2025-06-22,10,A,STANDARD,347,8643 Elliott Hollow,North Jillfort,TX,77907,3,2.0,Y,Y,N,Y,4361.29,0.0,0.0,2026-04-10 11:28:08.493243+02:00
345,Mark,Phelps,1947-08-29,79,2026-01-31,3,A,STANDARD,315,8199 Cuevas Trail,Lake Deborah,GA,93807,4,4.0,Y,Y,Y,Y,48167.05,11391.5,39.62,2026-04-10 11:28:08.493243+02:00
346,Michelle,Villarreal,1991-02-24,35,2026-01-31,3,A,STANDARD,403,"7356 Edward Lodge, Apt 42",South Cherylshire,PA,55191,1,0.0,N,Y,N,N,51616.2,0.0,0.0,2026-04-10 11:28:08.493243+02:00
347,Tammy,James,1941-11-28,85,2023-01-30,39,A,BASIC,341,"5010 Stephanie Alley, Apt 47",Larsonbury,IL,30986,3,1.0,Y,N,Y,Y,701465.24,5578.91,65.69,2026-04-10 11:28:08.493243+02:00
348,Joshua,Stewart,1945-08-13,81,2025-03-01,13,A,PREFERRED,151,"3764 Garcia Pines, Apt 188",Nguyenshire,NY,99927,1,0.0,N,N,Y,N,11055.15,46572.52,23.74,2026-04-10 11:28:08.493243+02:00
349,Darlene,Higgins,1996-03-09,30,2009-11-14,197,A,PREFERRED,148,"9372 Jennifer Course, Apt 269",Port Brandon,TX,50190,1,1.0,N,Y,N,N,946.11,0.0,0.0,2026-04-10 11:28:08.493243+02:00
350,Ricardo,Malone,1997-04-07,29,2014-02-17,146,A,PREFERRED,412,5727 Haynes Landing,Donaldchester,MI,71125,2,2.0,Y,Y,N,N,12163.69,0.0,0.0,2026-04-10 11:28:08.493243+02:00
351,Tina,Brennan,1972-08-03,54,2006-09-08,235,A,PREMIER,163,4418 William Route,South John,NY,60219,2,2.0,Y,N,Y,N,14157.51,60488.71,22.73,2026-04-10 11:28:08.493243+02:00
352,Amanda,Johnson,2005-04-12,21,2010-03-29,193,A,PREFERRED,475,"8380 Ryan Curve, Apt 99",North Nichole,NC,61001,2,2.0,N,Y,Y,N,4308.15,10885.69,33.28,2026-04-10 11:28:08.493243+02:00
353,Sheila,Jones,1988-04-12,38,2007-01-08,231,A,PREMIER,142,5271 Howe Lock,Robertfort,NY,24197,3,2.0,Y,Y,Y,N,193021.43,63341.23,38.5,2026-04-10 11:28:08.493243+02:00
354,Darrell,Welch,1979-02-26,47,2021-06-11,58,A,PREMIER,391,"7084 Charles Flats, Apt 260",Alexandrachester,TX,48917,4,4.0,Y,Y,Y,Y,128570.23,3679.88,34.27,2026-04-10 11:28:08.493243+02:00
355,Tara,Mccall,1943-05-20,83,2020-06-18,70,A,DIGITAL,490,4956 Eric Expressway,New Hectorfort,FL,38472,1,1.0,N,Y,N,N,98.62,0.0,0.0,2026-04-10 11:28:08.493243+02:00
356,Gregory,Bright,1941-11-04,85,2009-04-14,204,A,PREMIER,276,1108 Amanda Trail,Robertside,GA,52536,1,1.0,N,N,N,Y,83.65,0.0,0.0,2026-04-10 11:28:08.493243+02:00
357,Sydney,Francis,1998-02-21,28,2021-04-26,60,A,STANDARD,122,"4674 Phelps Course, Apt 132",New Michaelside,NY,97088,3,2.0,Y,Y,Y,N,59546.88,262468.79,20.86,2026-04-10 11:28:08.493243+02:00
358,Joseph,Hamilton,1948-08-02,78,2025-01-19,15,A,DIGITAL,450,8056 Jason Walks,West Brian,FL,17158,2,1.0,N,N,Y,Y,19281.85,18.22,27.44,2026-04-10 11:28:08.493243+02:00
359,Daniel,Garcia,2002-03-14,24,2012-11-15,161,A,DIGITAL,174,7886 Tanya Locks,Thompsonton,TX,75691,2,2.0,N,N,Y,Y,20422.23,641.69,59.23,2026-04-10 11:28:08.493243+02:00
360,Ryan,Schultz,1958-03-01,68,2010-04-01,192,A,STANDARD,310,"611 Anthony Lodge, Apt 120",Kingmouth,GA,51200,2,2.0,Y,N,N,Y,2483.81,0.0,0.0,2026-04-10 11:28:08.493243+02:00
361,Jessica,Brennan,1951-09-01,75,2006-12-03,232,A,PREMIER,493,"3096 Cody Cove, Apt 275",East Kristen,CA,46535,4,3.0,Y,Y,Y,Y,16852.67,14664.88,25.38,2026-04-10 11:28:08.493243+02:00
362,Lee,Wallace,1948-08-23,78,2007-09-22,223,A,BASIC,397,9218 David View,Lake Sean,CA,26090,2,2.0,N,Y,Y,N,3069.36,6696.88,21.06,2026-04-10 11:28:08.493243+02:00
364,William,Berger,1948-06-19,78,2010-10-28,186,A,DIGITAL,428,3183 Rachel Mills,Kanefurt,NY,87826,3,3.0,N,Y,Y,Y,20746.29,62560.86,27.5,2026-04-10 11:28:08.493243+02:00
365,Paul,Williams,2000-07-09,26,2009-05-08,203,A,PREMIER,164,"954 Martinez Mountain, Apt 186",Brownchester,GA,44881,2,2.0,Y,Y,N,N,110216.52,0.0,0.0,2026-04-10 11:28:08.493243+02:00
366,Barbara,Flynn,1973-07-19,53,2012-04-18,168,A,PREMIER,399,"1438 Underwood Locks, Apt 168",Thompsonstad,NY,69371,3,3.0,Y,Y,Y,N,74945.22,135137.05,29.03,2026-04-10 11:28:08.493243+02:00
367,Jonathan,Carter,1976-11-06,50,2009-11-16,197,A,PREFERRED,348,3067 Thompson Forest,Theresaborough,IL,12590,3,3.0,Y,Y,Y,N,972.92,1016.02,29.42,2026-04-10 11:28:08.493243+02:00
368,Jeanne,Brooks,1987-02-18,39,2009-07-06,201,A,PREMIER,215,"3826 Austin River, Apt 193",West Derekmouth,IL,29933,3,3.0,Y,N,Y,Y,16937.27,5040.04,43.02,2026-04-10 11:28:08.493243+02:00
369,Aaron,Thomas,2006-10-22,20,2017-04-21,108,A,BASIC,269,5623 Andrade Neck,West Cassandra,NC,74925,3,3.0,N,Y,Y,Y,535.33,405.3,29.28,2026-04-10 11:28:08.493243+02:00
370,Sara,Schmidt,1956-08-06,70,2025-05-24,11,A,PREFERRED,147,9146 Robert Row,North Robert,CA,99995,4,3.0,Y,Y,Y,Y,4785.85,449.3,44.59,2026-04-10 11:28:08.493243+02:00
371,Amanda,Knight,1985-10-26,41,2017-02-10,110,A,PREFERRED,494,"3574 Veronica Tunnel, Apt 65",Hoodview,GA,91279,3,3.0,Y,Y,Y,N,27360.02,367.52,28.02,2026-04-10 11:28:08.493243+02:00
372,Jennifer,Sparks,1963-12-27,63,2022-03-06,49,I,BASIC,195,9101 Cooper Port,West Ryan,PA,42235,4,4.0,Y,Y,Y,Y,3782.17,1447.46,41.35,2026-04-10 11:28:08.493243+02:00
373,Judy,Jackson,1980-10-27,46,2023-12-06,28,A,BASIC,223,"3574 Luis Forges, Apt 197",South Tinaton,MI,50447,2,2.0,N,Y,N,Y,85553.34,0.0,0.0,2026-04-10 11:28:08.493243+02:00
374,Emily,Miller,1983-04-09,43,2023-09-15,31,A,PREFERRED,301,"5883 Brown Mountains, Apt 53",South Amandafort,CA,52589,2,1.0,N,Y,N,Y,644.17,0.0,0.0,2026-04-10 11:28:08.493243+02:00
375,Michael,Pitts,1948-12-11,78,2012-04-24,168,A,PREFERRED,368,9015 Craig Shoals,Lake Jessicaborough,OH,43799,1,1.0,Y,N,N,N,319.06,0.0,0.0,2026-04-10 11:28:08.493243+02:00
377,Elizabeth,Allen,1958-12-20,68,2015-06-13,130,I,DIGITAL,302,7169 Gregory Ramp,South Stevenberg,NC,36570,1,1.0,Y,N,N,N,1464.2,0.0,0.0,2026-04-10 11:28:08.493243+02:00
378,Mark,Durham,1958-04-15,68,2011-05-12,179,A,BASIC,333,3519 Sloan Burgs,Padillatown,FL,85442,1,1.0,Y,N,N,N,121.53,0.0,0.0,2026-04-10 11:28:08.493243+02:00
380,Melanie,Murray,1990-09-18,36,2013-08-26,152,A,BASIC,258,"6726 Johnson Centers, Apt 89",Jillton,FL,85744,2,2.0,Y,N,Y,N,18992.97,21579.93,29.87,2026-04-10 11:28:08.493243+02:00
381,Jennifer,King,2007-12-07,19,2024-06-24,22,A,PREMIER,432,9933 Smith Ridges,Diazton,NY,80521,4,2.0,Y,Y,Y,Y,1320.83,667.92,65.12,2026-04-10 11:28:08.493243+02:00
382,Kevin,Scott,1945-07-25,81,2009-04-02,204,A,PREFERRED,414,"5928 Samantha Vista, Apt 267",New Jennaborough,MI,26636,3,2.0,N,Y,Y,Y,190531.18,49784.9,24.79,2026-04-10 11:28:08.493243+02:00
383,Kyle,Smith,1944-10-31,82,2017-04-05,108,I,STANDARD,484,8348 Kim Vista,Lake Timothyshire,OH,18910,2,2.0,Y,Y,N,N,1594.74,0.0,0.0,2026-04-10 11:28:08.493243+02:00
384,Ricky,Ballard,1992-02-26,34,2023-02-07,38,A,PREMIER,465,5479 Willis Junction,West Michael,FL,13652,3,2.0,Y,Y,N,Y,44489.09,0.0,0.0,2026-04-10 11:28:08.493243+02:00
385,Richard,Santana,2006-02-24,20,2010-01-02,195,A,PREFERRED,419,7018 Conner Oval,Brianstad,NC,64694,4,3.0,Y,Y,Y,Y,53714.96,119482.13,34.23,2026-04-10 11:28:08.493243+02:00
386,Kenneth,Byrd,2000-01-25,26,2011-07-28,177,I,PREMIER,198,"1930 Walker Radial, Apt 222",South Jenniferside,CA,25860,1,1.0,Y,N,N,N,179.06,0.0,0.0,2026-04-10 11:28:08.493243+02:00
390,Erica,Matthews,1998-01-09,28,2020-10-20,66,I,PREMIER,371,3839 John Island,South Michael,GA,83665,2,2.0,N,Y,N,Y,1944.87,0.0,0.0,2026-04-10 11:28:08.493243+02:00
391,Raven,Fowler,1958-04-16,68,2024-03-15,25,A,PREMIER,201,7159 Griffin Greens,Jaimetown,PA,83992,4,3.0,Y,Y,Y,Y,26619.5,12830.05,28.44,2026-04-10 11:28:08.493243+02:00
392,Christina,Coleman,1996-04-13,30,2012-01-23,171,A,STANDARD,309,8278 Scott Coves,Robertmouth,NC,11383,4,2.0,Y,Y,Y,Y,405043.66,1015541.83,32.42,2026-04-10 11:28:08.493243+02:00
393,Kevin,Wright,1983-09-13,43,2015-10-17,126,A,PREFERRED,418,"9919 Costa Loop, Apt 182",Ellisshire,CA,49492,2,2.0,N,Y,Y,N,2353.06,2211.74,53.28,2026-04-10 11:28:08.493243+02:00
394,Amy,Bruce,1968-02-27,58,2006-09-06,235,A,BASIC,175,2939 Garcia Neck,Jeremystad,OH,68205,2,2.0,Y,Y,N,N,3029.62,0.0,0.0,2026-04-10 11:28:08.493243+02:00
395,Aaron,Gonzalez,1960-02-01,66,2011-04-11,180,A,PREFERRED,234,2721 Kenneth Island,West Justin,CA,72170,2,2.0,Y,N,Y,N,3653.2,3126.95,58.7,2026-04-10 11:28:08.493243+02:00
396,Justin,Cruz,1949-09-24,77,2014-01-08,147,A,STANDARD,418,"8301 Jackson Lane, Apt 297",Ianburgh,PA,34539,3,3.0,Y,N,Y,Y,13076.32,24257.13,38.64,2026-04-10 11:28:08.493243+02:00
397,Russell,Webb,2005-04-15,21,2016-01-21,123,I,DIGITAL,281,3459 Matthew Ridges,West Autumnmouth,FL,10552,1,1.0,Y,N,N,N,2811.36,0.0,0.0,2026-04-10 11:28:08.493243+02:00
398,Bethany,Young,1995-02-19,31,2025-02-08,14,A,DIGITAL,484,9230 Catherine Mews,Lake Loganstad,MI,63229,4,4.0,Y,Y,Y,Y,106249.74,6684.8,31.76,2026-04-10 11:28:08.493243+02:00
399,Diana,Armstrong,1989-07-04,37,2024-10-17,18,A,DIGITAL,103,149 Terri Lodge,New Kevin,IL,20669,3,3.0,Y,Y,Y,N,27377.3,16185.53,29.11,2026-04-10 11:28:08.493243+02:00
400,Steven,Andrews,1987-07-06,39,2013-12-04,148,A,PREFERRED,388,"1781 Cody Lock, Apt 161",Reillyberg,GA,48540,1,1.0,Y,N,N,N,12886.33,0.0,0.0,2026-04-10 11:28:08.493243+02:00
401,Scott,Haney,1941-06-19,85,2026-02-08,2,A,STANDARD,425,763 Ronald Hill,Deborahport,IL,77304,2,2.0,N,Y,Y,N,3673.11,6348.14,48.04,2026-04-10 11:28:08.493243+02:00
402,Jason,Phillips,1956-03-27,70,2025-05-08,11,A,BASIC,467,1855 George Highway,Port Annette,PA,13128,1,1.0,N,N,N,Y,14198.57,0.0,0.0,2026-04-10 11:28:08.493243+02:00
403,Thomas,Spence,1986-11-01,40,2021-10-30,54,A,BASIC,162,"2417 Glover Mountains, Apt 260",Mcculloughberg,MI,43330,2,1.0,Y,N,N,Y,21949.98,0.0,0.0,2026-04-10 11:28:08.493243+02:00
404,Rachel,Barrett,1943-03-21,83,2008-08-05,212,A,DIGITAL,493,"3995 Darlene Loaf, Apt 226",Howardmouth,OH,16662,3,2.0,Y,Y,Y,N,56687.52,3977.78,26.36,2026-04-10 11:28:08.493243+02:00
405,Laura,Hill,1974-11-09,52,2017-01-21,111,A,DIGITAL,256,"765 Lopez Cape, Apt 219",Port Shari,PA,38749,3,3.0,Y,N,Y,Y,40191.67,6574.16,37.82,2026-04-10 11:28:08.493243+02:00
406,Gene,Knight,1974-10-05,52,2012-01-26,171,I,BASIC,240,"9118 Mary Port, Apt 143",Rhodesland,IL,87702,2,2.0,N,Y,N,Y,11940.66,0.0,0.0,2026-04-10 11:28:08.493243+02:00
407,Christopher,Jennings,1979-04-01,47,2017-12-31,100,A,DIGITAL,242,"2165 Christopher Key, Apt 45",Lake Michaelberg,NY,21661,3,3.0,Y,Y,N,Y,108589.57,0.0,0.0,2026-04-10 11:28:08.493243+02:00
408,Zachary,Garner,1998-08-26,28,2022-09-30,43,A,BASIC,355,"4149 Angela Ville, Apt 256",West Michaelport,NC,56760,4,4.0,Y,Y,Y,Y,10069.82,8422.19,22.9,2026-04-10 11:28:08.493243+02:00
409,Cynthia,Williams,1945-09-22,81,2018-10-21,90,A,PREMIER,363,"5419 Armstrong Freeway, Apt 288",Lake Pamela,PA,71861,2,2.0,Y,Y,N,N,5828.89,0.0,0.0,2026-04-10 11:28:08.493243+02:00
410,Matthew,Obrien,2007-05-10,19,2024-05-14,23,A,PREFERRED,289,"7649 Wayne Path, Apt 280",Port Jessica,OH,65219,2,1.0,Y,N,N,Y,112322.13,0.0,0.0,2026-04-10 11:28:08.493243+02:00
411,Loretta,Crawford,1996-08-14,30,2010-11-11,185,A,PREMIER,128,3217 Thompson Expressway,Port Brenda,OH,59655,1,1.0,N,N,N,Y,7259.11,0.0,0.0,2026-04-10 11:28:08.493243+02:00
412,Karen,Strong,1992-11-28,34,2022-07-16,45,A,PREMIER,494,"6926 Rodney Springs, Apt 66",Carlshire,GA,82689,3,3.0,N,Y,Y,Y,27848.78,23214.45,35.8,2026-04-10 11:28:08.493243+02:00
413,Emily,Mitchell,1989-08-02,37,2018-09-13,91,I,STANDARD,188,"9132 Mary Green, Apt 238",Robertside,GA,21139,2,2.0,N,Y,N,Y,37049.43,0.0,0.0,2026-04-10 11:28:08.493243+02:00
414,Jeffrey,Lindsey,1999-06-18,27,2006-09-08,235,A,PREFERRED,137,5697 Christopher Point,East Marisa,MI,35585,2,2.0,N,N,Y,Y,889.93,3027.44,26.86,2026-04-10 11:28:08.493243+02:00
415,James,Lawson,2007-01-31,19,2014-05-30,143,A,STANDARD,338,1913 Stone Well,Maryport,NC,94263,2,2.0,N,Y,Y,N,7299.47,396.35,21.1,2026-04-10 11:28:08.493243+02:00
416,Andrew,Gomez,1962-11-30,64,2017-01-24,111,A,STANDARD,264,"5673 Rodriguez Drive, Apt 61",North Kylie,MI,87355,3,1.0,N,Y,Y,Y,10883.99,19920.88,30.03,2026-04-10 11:28:08.493243+02:00
417,John,Fields,1943-05-22,83,2015-05-21,131,A,DIGITAL,346,3969 Sara Port,Martinezport,PA,91942,2,2.0,N,Y,Y,N,5497.28,18359.48,20.54,2026-04-10 11:28:08.493243+02:00
418,Thomas,Oliver,2000-02-17,26,2010-08-02,188,A,BASIC,450,6112 Humphrey Greens,North Kathyfort,FL,63997,3,1.0,Y,N,Y,Y,1371021.22,301.86,57.27,2026-04-10 11:28:08.493243+02:00
419,Melissa,Byrd,1988-06-07,38,2021-02-15,62,A,BASIC,138,7416 Johnson Harbor,Cunninghamview,GA,45857,1,1.0,N,N,Y,N,3455.26,14859.56,23.25,2026-04-10 11:28:08.493243+02:00
420,Charles,Le,1974-05-21,52,2013-07-11,153,A,PREFERRED,213,3954 Williams Isle,Williamshire,IL,28453,3,3.0,Y,Y,Y,N,52423.38,10942.17,26.35,2026-04-10 11:28:08.493243+02:00
421,Robert,Hopkins,1946-03-09,80,2008-10-27,210,A,PREFERRED,306,3087 Prince Brooks,East Luisberg,GA,92645,3,1.0,Y,Y,N,Y,17510.85,0.0,0.0,2026-04-10 11:28:08.493243+02:00
422,Crystal,Massey,1961-10-20,65,2014-10-19,138,A,DIGITAL,415,5712 Ramirez Overpass,Robertstad,CA,41441,3,2.0,Y,N,Y,Y,62845.43,231.92,35.63,2026-04-10 11:28:08.493243+02:00
423,James,Fuller,1956-12-26,70,2017-04-21,108,A,PREMIER,340,2923 Kevin Summit,Port Courtney,NC,57684,2,2.0,Y,N,N,Y,1520.49,0.0,0.0,2026-04-10 11:28:08.493243+02:00
424,Heather,Berger,1969-05-18,57,2023-04-21,36,I,STANDARD,253,5028 Daniel Rapids,Moniqueport,IL,56908,2,2.0,Y,N,N,Y,88904.74,0.0,0.0,2026-04-10 11:28:08.493243+02:00
425,Troy,Lucas,1980-05-13,46,2021-04-01,60,A,STANDARD,344,3161 Figueroa Trace,New Bettyberg,CA,31884,2,2.0,Y,N,Y,N,35850.89,69599.63,50.45,2026-04-10 11:28:08.493243+02:00
426,John,Parker,1994-11-29,32,2007-05-13,227,A,PREMIER,491,"2342 Cameron Station, Apt 88",Jenkinsburgh,MI,73752,3,3.0,Y,Y,Y,N,3005.83,1188.1,38.28,2026-04-10 11:28:08.493243+02:00
427,Diana,Alexander,1950-06-02,76,2015-06-03,130,A,DIGITAL,292,"1303 Glenn Wells, Apt 120",Port Penny,NY,36276,1,1.0,N,N,Y,N,10824.09,47543.59,22.77,2026-04-10 11:28:08.493243+02:00
428,Adam,Riley,1954-06-13,72,2020-03-12,73,A,PREFERRED,453,"7860 Stephen Lake, Apt 107",Port Davidtown,IL,81390,2,1.0,Y,N,N,Y,2213.55,0.0,0.0,2026-04-10 11:28:08.493243+02:00
429,Karen,Oconnor,2006-08-10,20,2017-11-12,101,A,PREMIER,411,6976 Wagner Roads,Port Scott,GA,61720,3,2.0,N,Y,Y,Y,26485.53,27322.89,38.96,2026-04-10 11:28:08.493243+02:00
430,Kayla,Davis,1960-05-21,66,2014-09-08,139,A,DIGITAL,220,752 Burns Mission,Lake Lisabury,GA,38934,1,0.0,N,Y,N,N,11018.47,0.0,0.0,2026-04-10 11:28:08.493243+02:00
431,Daniel,Phillips,2002-08-21,24,2015-06-30,130,A,PREMIER,199,"6576 Cooper Villages, Apt 126",West David,NY,89996,3,2.0,N,Y,Y,Y,24544.78,82787.01,28.66,2026-04-10 11:28:08.493243+02:00
432,Ronald,Burgess,1958-10-23,68,2012-04-06,168,A,DIGITAL,408,"5869 Justin Lights, Apt 68",North Andrewfort,MI,63840,3,3.0,Y,Y,N,Y,25649.65,0.0,0.0,2026-04-10 11:28:08.493243+02:00
433,Gregory,Thompson,1952-12-26,74,2021-01-25,63,A,PREMIER,182,2803 Mercedes Rue,Port Donnashire,GA,93337,1,1.0,Y,N,N,N,2627.11,0.0,0.0,2026-04-10 11:28:08.493243+02:00
434,Susan,Anderson,1999-07-06,27,2013-04-09,156,A,STANDARD,234,955 Palmer Way,North Kevintown,NY,78431,2,2.0,N,N,Y,Y,16042.47,1079.02,36.26,2026-04-10 11:28:08.493243+02:00
435,April,Ryan,1979-03-29,47,2017-05-19,107,A,BASIC,194,6684 Carolyn Branch,East Ellen,NY,41993,2,1.0,N,Y,Y,N,17427.11,2742.88,21.34,2026-04-10 11:28:08.493243+02:00
436,Brent,Mata,2000-01-01,26,2007-06-21,226,A,PREFERRED,342,7857 Marquez Station,Michaelhaven,TX,73108,3,3.0,Y,N,Y,Y,10251.74,12973.78,22.58,2026-04-10 11:28:08.493243+02:00
437,John,Schmidt,1970-04-22,56,2023-01-18,39,A,DIGITAL,217,"3664 Stevens Forge, Apt 195",Port Belindatown,PA,21487,2,1.0,N,N,Y,Y,3959.71,11295.6,31.83,2026-04-10 11:28:08.493243+02:00
438,Melinda,Mcintyre,1946-03-08,80,2023-03-28,37,A,DIGITAL,363,7448 Silva Avenue,Georgeside,PA,84699,3,2.0,Y,Y,N,Y,24298.48,0.0,0.0,2026-04-10 11:28:08.493243+02:00
439,Stephen,Rivas,2002-11-15,24,2017-01-01,111,I,BASIC,473,1790 Evans Coves,Richardsonshire,PA,19734,1,1.0,N,Y,N,N,6533.3,0.0,0.0,2026-04-10 11:28:08.493243+02:00
440,Laurie,Scott,1981-09-01,45,2016-01-28,123,A,PREMIER,431,4910 Hensley Green,East Maryfurt,NC,85851,4,4.0,Y,Y,Y,Y,439571.56,42783.83,27.64,2026-04-10 11:28:08.493243+02:00
441,Elizabeth,Summers,1943-02-18,83,2012-06-10,166,A,DIGITAL,479,1742 Rachel Valley,Rodriguezmouth,TX,67656,4,4.0,Y,Y,Y,Y,9335.01,10211.27,22.43,2026-04-10 11:28:08.493243+02:00
442,Vanessa,Olson,1988-02-20,38,2018-02-24,98,A,BASIC,109,"3947 Jennifer Shoal, Apt 189",Farmerport,PA,39051,4,2.0,Y,Y,Y,Y,303701.0,724700.71,41.25,2026-04-10 11:28:08.493243+02:00
443,Caitlin,Drake,1999-06-08,27,2008-01-03,219,A,DIGITAL,282,699 Sullivan Street,Campbellport,TX,99244,2,1.0,N,Y,Y,N,15162.24,1732.6,22.82,2026-04-10 11:28:08.493243+02:00
444,Stephanie,Francis,1975-07-29,51,2016-10-02,114,A,PREMIER,188,2427 Matthew Station,Tracichester,NY,52532,3,2.0,Y,Y,N,Y,11518.87,0.0,0.0,2026-04-10 11:28:08.493243+02:00
445,Patricia,Morgan,1974-04-01,52,2023-08-14,32,A,BASIC,467,5010 Knox Skyway,Crosbystad,NY,57089,3,3.0,Y,Y,N,Y,586993.46,0.0,0.0,2026-04-10 11:28:08.493243+02:00
446,Cheyenne,Wilson,1963-11-27,63,2023-10-27,30,I,PREMIER,384,1873 Mary Wells,Powersfurt,CA,71111,3,2.0,Y,Y,Y,N,6154.71,11249.45,21.07,2026-04-10 11:28:08.493243+02:00
447,Jennifer,Mccarty,1987-04-13,39,2006-10-26,234,A,STANDARD,228,"8030 Joyce Stream, Apt 190",East Ralphshire,PA,28050,2,2.0,N,N,Y,Y,28529.79,6731.4,38.7,2026-04-10 11:28:08.493243+02:00
448,William,Taylor,1944-04-21,82,2023-07-11,33,A,STANDARD,325,5476 Jeffrey Fork,West Theresamouth,OH,15162,2,2.0,N,N,Y,Y,1376.61,835.88,33.44,2026-04-10 11:28:08.493243+02:00
449,Maria,Levy,1973-05-27,53,2007-04-30,228,A,STANDARD,342,"9441 Green Hill, Apt 110",Martinezchester,IL,98848,1,1.0,N,N,N,Y,1378.06,0.0,0.0,2026-04-10 11:28:08.493243+02:00
450,Amy,Dalton,1989-02-08,37,2020-08-28,68,A,STANDARD,298,9365 Michelle Prairie,Katelynfurt,FL,66045,4,3.0,Y,Y,Y,Y,121352.26,491.34,61.51,2026-04-10 11:28:08.493243+02:00
451,Phyllis,Ramsey,1943-12-29,83,2024-05-01,23,I,PREMIER,289,"8528 Mikayla Light, Apt 184",Dixonberg,NC,74236,2,2.0,N,Y,N,Y,5567.63,0.0,0.0,2026-04-10 11:28:08.493243+02:00
452,Julia,Whitney,1946-05-14,80,2020-02-16,74,I,STANDARD,122,6764 Derrick Flats,Crawfordberg,OH,74083,2,1.0,N,N,Y,Y,2806.51,8451.33,31.87,2026-04-10 11:28:08.493243+02:00
453,Thomas,Coffey,1974-11-12,52,2013-12-16,148,A,BASIC,280,345 Thomas Wall,Gregoryburgh,GA,66930,2,2.0,Y,N,Y,N,38410.38,142813.15,23.34,2026-04-10 11:28:08.493243+02:00
454,Jonathon,Ballard,2006-08-16,20,2017-09-04,103,A,STANDARD,239,"7331 Welch Fall, Apt 295",West Christy,PA,90136,3,2.0,Y,N,Y,Y,23197.46,65.07,41.91,2026-04-10 11:28:08.493243+02:00
455,John,Diaz,1968-04-26,58,2010-07-22,189,I,PREFERRED,427,5639 Hill Trace,Sparksborough,PA,89568,2,2.0,N,N,Y,Y,836.82,266.97,64.08,2026-04-10 11:28:08.493243+02:00
456,Dana,Gibbs,1971-02-11,55,2014-01-12,147,A,BASIC,446,"315 Glover Tunnel, Apt 193",Amyside,GA,22804,2,2.0,N,Y,N,Y,29723.75,0.0,0.0,2026-04-10 11:28:08.493243+02:00
457,Katie,Smith,1998-05-13,28,2018-03-20,97,I,PREMIER,400,5125 Powell Neck,South Shannonfurt,MI,99069,4,4.0,Y,Y,Y,Y,58400.91,7322.0,20.54,2026-04-10 11:28:08.493243+02:00
458,Adrienne,Herrera,1965-11-03,61,2013-07-24,153,I,STANDARD,112,"3179 Jessica Bridge, Apt 155",New Donna,PA,40630,4,3.0,Y,Y,Y,Y,5459.35,682.33,29.01,2026-04-10 11:28:08.493243+02:00
459,Courtney,Gibson,1951-12-29,75,2006-11-09,233,A,STANDARD,436,3588 Andrew Avenue,Jordanport,IL,56129,3,3.0,Y,N,Y,Y,31019.82,91002.46,28.64,2026-04-10 11:28:08.493243+02:00
460,Joshua,Chambers,2001-03-13,25,2017-12-30,100,A,STANDARD,258,5627 Collins Cove,Kellerside,FL,32434,2,2.0,N,Y,Y,N,9733.84,2799.06,33.86,2026-04-10 11:28:08.493243+02:00
461,Chris,Chambers,1959-11-10,67,2023-02-20,38,A,BASIC,266,"8030 Cameron Cape, Apt 71",South Joseshire,GA,50982,2,2.0,Y,Y,N,N,72722.02,0.0,0.0,2026-04-10 11:28:08.493243+02:00
462,Justin,Richards,1998-11-21,28,2018-01-21,99,A,STANDARD,478,"828 Hamilton Spur, Apt 44",Luketown,IL,81912,2,1.0,N,Y,N,Y,1981.27,0.0,0.0,2026-04-10 11:28:08.493243+02:00
463,Joseph,Carson,1958-02-24,68,2009-06-21,202,A,BASIC,446,3076 Christensen Expressway,Port Patriciamouth,OH,29715,4,3.0,Y,Y,Y,Y,2849.86,6580.21,35.41,2026-04-10 11:28:08.493243+02:00
464,Luis,Bentley,1980-03-23,46,2021-11-10,53,A,PREMIER,120,8289 Jason Brooks,Robertton,GA,13557,2,2.0,N,Y,N,Y,19418.92,0.0,0.0,2026-04-10 11:28:08.493243+02:00
465,Amber,Rodriguez,2007-11-07,19,2007-04-20,228,A,DIGITAL,243,"394 Nicholas Route, Apt 103",Brittanyland,NY,91894,2,1.0,Y,N,N,Y,5492.97,0.0,0.0,2026-04-10 11:28:08.493243+02:00
466,Devon,Hall,1943-08-05,83,2014-06-26,142,A,STANDARD,399,9618 Brittney Causeway,New Markmouth,OH,88475,3,2.0,N,Y,Y,Y,44694.76,818.43,43.29,2026-04-10 11:28:08.493243+02:00
467,Jesse,Johnson,1997-03-05,29,2014-03-21,145,A,PREFERRED,315,"3394 Hannah Mall, Apt 201",Andrewfort,MI,15838,2,2.0,N,N,Y,Y,12931.67,466.61,23.68,2026-04-10 11:28:08.493243+02:00
468,Heather,Henson,1968-05-18,58,2019-11-19,77,A,PREFERRED,203,5306 Wells Drives,Ashleyfort,MI,43598,2,2.0,N,Y,N,Y,968.25,0.0,0.0,2026-04-10 11:28:08.493243+02:00
469,Jasmine,Hoffman,1996-02-20,30,2007-11-15,221,A,DIGITAL,309,4100 Kevin Shore,Shawmouth,MI,20724,3,2.0,Y,Y,N,Y,11674.74,0.0,0.0,2026-04-10 11:28:08.493243+02:00
470,Caleb,Herman,1945-10-25,81,2025-06-22,10,A,DIGITAL,446,4284 Robert Cove,Harrisland,NY,62774,4,4.0,Y,Y,Y,Y,58049.69,93506.56,20.27,2026-04-10 11:28:08.493243+02:00
471,Rick,Walker,1958-11-08,68,2020-03-31,73,I,DIGITAL,189,"5216 Tyler Rest, Apt 43",Wendyfurt,OH,19173,3,3.0,Y,N,Y,Y,579340.19,22289.35,23.91,2026-04-10 11:28:08.493243+02:00
472,Amy,Brown,1954-06-07,72,2017-11-12,101,A,PREMIER,398,"9232 Michael Lodge, Apt 6",Lake Meganville,NY,99093,2,1.0,N,Y,N,Y,6482.3,0.0,0.0,2026-04-10 11:28:08.493243+02:00
473,Robert,Colon,1979-05-11,47,2016-09-10,115,A,STANDARD,393,2591 Lozano Spurs,Simmonsstad,OH,69223,4,4.0,Y,Y,Y,Y,13605.04,3701.93,35.41,2026-04-10 11:28:08.493243+02:00
474,Jamie,Blankenship,1976-12-29,50,2016-10-03,114,A,BASIC,454,6708 Emily Creek,Ryanside,PA,75555,3,1.0,Y,Y,N,Y,34658.11,0.0,0.0,2026-04-10 11:28:08.493243+02:00
475,Robert,Turner,1965-10-26,61,2023-04-01,36,A,PREMIER,219,"4340 Jennifer Courts, Apt 254",Colleenmouth,NY,61499,2,2.0,Y,N,Y,N,15428.69,6534.79,61.85,2026-04-10 11:28:08.493243+02:00
476,Rebecca,Ortiz,1955-09-29,71,2021-09-13,55,A,STANDARD,186,2617 Baker Causeway,New Victor,FL,69493,4,3.0,Y,Y,Y,Y,126084.39,1092.79,20.45,2026-04-10 11:28:08.493243+02:00
477,Brandy,Taylor,1951-07-31,75,2024-04-18,24,A,STANDARD,319,8444 Melissa Lake,Michaelton,NY,27104,3,2.0,Y,Y,N,Y,1986.79,0.0,0.0,2026-04-10 11:28:08.493243+02:00
478,Heather,Shah,2007-02-03,19,2014-10-19,138,A,BASIC,312,"3147 Melissa Cape, Apt 223",East Julie,PA,86433,4,3.0,Y,Y,Y,Y,25118.09,5532.01,25.53,2026-04-10 11:28:08.493243+02:00
479,Melissa,Torres,1963-11-10,63,2019-03-18,85,A,PREFERRED,263,1680 Mark Mill,Michelleland,PA,69066,3,3.0,Y,Y,Y,N,52546.29,25280.47,37.68,2026-04-10 11:28:08.493243+02:00
480,Kathy,Vasquez,2000-12-23,26,2014-12-06,136,A,STANDARD,411,5225 Briggs Falls,Debbieview,TX,38878,3,2.0,Y,N,Y,Y,9280.2,26198.09,27.6,2026-04-10 11:28:08.493243+02:00
481,Omar,Davis,1989-01-03,37,2014-06-15,142,A,DIGITAL,419,"8997 Houston Spurs, Apt 71",East Anthony,NY,42592,3,2.0,Y,Y,Y,N,75774.82,6130.74,29.32,2026-04-10 11:28:08.493243+02:00
482,Adam,Clay,1952-10-02,74,2012-03-21,169,I,PREMIER,198,"7104 Daniel Square, Apt 159",Hendersonton,MI,57632,2,1.0,N,Y,N,Y,2356.27,0.0,0.0,2026-04-10 11:28:08.493243+02:00
483,Michael,Taylor,1991-07-07,35,2015-04-22,132,A,BASIC,418,2058 Dale Ramp,West Kristineview,NC,87771,4,3.0,Y,Y,Y,Y,1590099.23,1802.77,22.0,2026-04-10 11:28:08.493243+02:00
484,Karen,Chavez,1954-12-08,72,2013-04-18,156,A,BASIC,192,435 White Light,Caseyton,NC,69577,2,2.0,Y,Y,N,N,15736.23,0.0,0.0,2026-04-10 11:28:08.493243+02:00
485,Melissa,Santiago,1977-04-15,49,2014-07-04,141,A,DIGITAL,263,"5566 Timothy Oval, Apt 85",Mosleyland,TX,34231,3,2.0,Y,Y,N,Y,119187.53,0.0,0.0,2026-04-10 11:28:08.493243+02:00
486,Stephanie,Paul,1992-09-16,34,2013-03-16,157,A,DIGITAL,110,5973 Bryan Shoal,North Ashley,GA,53558,2,1.0,N,Y,Y,N,8981.1,23443.47,30.59,2026-04-10 11:28:08.493243+02:00
487,Robert,Bautista,1985-11-28,41,2013-12-01,148,A,DIGITAL,236,8013 Tiffany Skyway,Tylerland,CA,68138,3,3.0,Y,Y,Y,N,50103.43,113353.56,32.07,2026-04-10 11:28:08.493243+02:00
488,Julie,Barnes,1972-10-01,54,2019-11-25,77,A,DIGITAL,483,665 Ryan Stream,Markshire,NC,80254,4,3.0,Y,Y,Y,Y,121208.98,12533.54,20.81,2026-04-10 11:28:08.493243+02:00
489,Amy,Newton,1957-01-21,69,2021-04-16,60,A,BASIC,277,"2643 Hernandez Views, Apt 53",Robinsonville,FL,88955,3,3.0,Y,N,Y,Y,38747.19,105855.92,28.38,2026-04-10 11:28:08.493243+02:00
490,Carrie,Moore,1967-09-17,59,2010-07-09,189,A,STANDARD,384,1023 Christian Ways,Ortizshire,FL,98463,2,2.0,N,Y,Y,N,427.2,1881.33,22.4,2026-04-10 11:28:08.493243+02:00
491,Jeffrey,Perry,1945-10-21,81,2019-05-16,83,A,STANDARD,143,9898 Allen Harbors,Amyfort,FL,57474,2,2.0,Y,N,N,Y,8146.2,0.0,0.0,2026-04-10 11:28:08.493243+02:00
492,Jeffrey,Garcia,1950-03-10,76,2015-04-06,132,A,DIGITAL,354,"3087 Powell Freeway, Apt 42",West Thomas,IL,45879,3,2.0,Y,Y,Y,N,17747.65,6862.17,50.58,2026-04-10 11:28:08.493243+02:00
493,Ryan,Burns,1957-11-05,69,2022-04-10,48,I,PREMIER,248,5381 Miller Parks,Port Joditon,NY,44382,4,4.0,Y,Y,Y,Y,44371.21,86933.41,22.12,2026-04-10 11:28:08.493243+02:00
494,Anthony,Russell,1967-11-28,59,2017-08-09,104,A,BASIC,397,2209 Curtis Loop,Daniellestad,TX,32061,4,4.0,Y,Y,Y,Y,255970.56,366516.94,33.72,2026-04-10 11:28:08.493243+02:00
495,Matthew,Lynn,1988-11-17,38,2015-08-26,128,A,DIGITAL,471,8622 Latoya River,Smithfurt,OH,66619,1,1.0,N,N,N,Y,966.37,0.0,0.0,2026-04-10 11:28:08.493243+02:00
496,Erin,Johnson,1980-08-30,46,2013-09-24,151,A,DIGITAL,312,"4790 Diamond Motorway, Apt 121",Jasonburgh,PA,94046,2,1.0,Y,N,N,Y,227582.74,0.0,0.0,2026-04-10 11:28:08.493243+02:00
497,Richard,Wood,2000-04-29,26,2015-09-19,127,I,PREFERRED,141,1851 Megan Isle,West Michellefort,MI,59905,2,2.0,N,Y,N,Y,4262.6,0.0,0.0,2026-04-10 11:28:08.493243+02:00
498,Frederick,Ramos,1983-03-27,43,2019-01-06,87,I,PREFERRED,290,7766 Wilson Trace,Mcdowellville,OH,14378,3,2.0,Y,Y,Y,N,13256.64,4917.74,25.82,2026-04-10 11:28:08.493243+02:00
499,Tanner,Sampson,1946-04-04,80,2007-01-18,231,A,STANDARD,149,7730 Kelley Landing,West Robertside,IL,52659,2,2.0,N,N,Y,Y,58369.7,661.4,23.26,2026-04-10 11:28:08.493243+02:00
500,David,Foley,1979-10-10,47,2015-12-27,124,I,DIGITAL,279,9900 Taylor Stravenue,Lake Darlenemouth,NY,82031,2,2.0,Y,Y,N,N,5548.81,0.0,0.0,2026-04-10 11:28:08.493243+02:00
